shortname,fullname
ABOYEN,OYEN
ABACADIA VLY,ACADIA VALLEY
ABACME,ACME
ABBEISEKER,BEISEKER
ABCALGARY,CALGARY
ABTHREEHILLS,THREE HILLS
ABAIRDRIE,AIRDRIE
ABCROSSFIELD,CROSSFIELD
ABALBERTABCH,ALBERTA BEACH
ABBEAUMONT,BEAUMONT
ABEDMONTON,EDMONTON
ABEDNINTNLAR,EDMONTON INTERNATIONAL AIRPORT
ABNAMAO,NAMAO
ABNISKU,NISKU
ABONOWAY,ONOWAY
ABST ALBERT,SAINT ALBERT
ABSHERWOODPK,SHERWOOD PARK
ABALDERFLATS,ALDER FLATS
ABDRAYTONVLY,DRAYTON VALLEY
ABALIX,ALIX
ABLACOMBE,LACOMBE
ABMIRROR,MIRROR
ABRED DEER,RED DEER
ABALLIANCE,ALLIANCE
ABCASTOR,CASTOR
ABFORESTBURG,FORESTBURG
ABGALAHAD,GALAHAD
ABKILLAM,KILLAM
ABSEDGEWICK,SEDGEWICK
ABALTARIO,ALTARIO
ABCONSORT,CONSORT
ABPROVOST,PROVOST
ABANDREW,ANDREW
ABLAMONT,LAMONT
ABANZAC,ANZAC
ABFTMCMURRAY,FORT MCMURRAY
ABARDROSSAN,ARDROSSAN
ABFTSASKAHWN,FORT SASKATCHEWAN
ABTOFIELD,TOFIELD
ABARROWWOOD,ARROWWOOD
ABVULCAN,VULCAN
ABASHMONT,ASHMONT
ABST PAUL,SAINT PAUL
ABASSUMPTION,ASSUMPTION
ABATHABASCA,ATHABASCA
ABBOYLE,BOYLE
ABCALLING LK,CALLING LAKE
ABGRASSLAND,GRASSLAND
ABROCHESTER,ROCHESTER
ABBANFF,BANFF
ABCANMORE,CANMORE
ABLAKELOUISE,LAKE LOUISE
ABBARONS,BARONS
ABLETHBRIDGE,LETHBRIDGE
ABBARRHEAD,BARRHEAD
ABFTASSINBON,FORT ASSINIBOINE
ABMAYERTHORP,MAYERTHORPE
ABSANGUDO,SANGUDO
ABWESTLOCK,WESTLOCK
ABBASHAW,BASHAW
ABCAMROSE,CAMROSE
ABPONOKA,PONOKA
ABSTETTLER,STETTLER
ABBASSANO,BASSANO
ABBROOKS,BROOKS
ABDUCHESS,DUCHESS
ABBAWLF,BAWLF
ABROSALIND,ROSALIND
ABBEARCANYON,BEAR CANYON
ABWORSLEY,WORSLEY
ABFAIRVIEW,FAIRVIEW
ABHINESCREEK,HINES CREEK
ABWHITELAW,WHITELAW
ABBON ACCORD,BON ACCORD
ABBRUDERHEIM,BRUDERHEIM
ABCALMAR,CALMAR
ABCHIPMAN,CHIPMAN
ABDEVON,DEVON
ABGIBBONS,GIBBONS
ABHAY LAKES,HAY LAKES
ABKEEPHILLS,KEEPHILLS
ABLEDUC,LEDUC
ABLEGAL,LEGAL
ABMILLET,MILLET
ABMORINVILLE,MORINVILLE
ABNEWSAREPTA,NEW SAREPTA
ABREDWATER,REDWATER
ABST MICHAEL,SAINT MICHAEL
ABSPRUCE GRV,SPRUCE GROVE
ABSTONYPLAIN,STONY PLAIN
ABTHORSBY,THORSBY
ABWABAMUN,WABAMUN
ABBEAVERLODG,BEAVERLODGE
ABGRANDEPRRI,GRANDE PRAIRIE
ABHYTHE,HYTHE
ABWEMBLEY,WEMBLEY
ABIRRICANA,IRRICANA
ABBENTLEY,BENTLEY
ABBERWYN,BERWYN
ABBROWNVALE,BROWNVALE
ABGRIMSHAW,GRIMSHAW
ABPEACERIVER,PEACE RIVER
ABBIG VALLEY,BIG VALLEY
ABBINDLOSS,BINDLOSS
ABEMPRESS,EMPRESS
ABBLACKFALDS,BLACKFALDS
ABBLACKIE,BLACKIE
ABHIGH RIVER,HIGH RIVER
ABBLUE RIDGE,BLUE RIDGE
ABWHITECOURT,WHITECOURT
ABBONANZA,BONANZA
ABSILVER VLY,SILVER VALLEY
ABSPIRIT RIV,SPIRIT RIVER
ABBONNYVILLE,BONNYVILLE
ABCOLD LAKE,COLD LAKE
ABGLENDON,GLENDON
ABGRAND CTR,GRAND CENTRE
ABBOW ISLAND,BOW ISLAND
ABBURDETT,BURDETT
ABFOREMOST,FOREMOST
ABMEDICINHAT,MEDICINE HAT
ABBOWDEN,BOWDEN
ABINNISFAIL,INNISFAIL
ABOLDS,OLDS
ABLAC BICHE,LAC LA BICHE
ABBRAGGCREEK,BRAGG CREEK
ABBRETON,BRETON
ABWARBURG,WARBURG
ABWINFIELD,WINFIELD
ABBROCKET,BROCKET
ABFT MACLEOD,FORT MACLEOD
ABPINCHERCRK,PINCHER CREEK
ABCESSFORD,CESSFORD
ABJENNER,JENNER
ABROLLINGHLS,ROLLING HILLS
ABTILLEY,TILLEY
ABBYEMOOR,BYEMOOR
ABCADOMIN,CADOMIN
ABHINTON,HINTON
ABCARSTAIRS,CARSTAIRS
ABCOCHRANE,COCHRANE
ABCREMONA,CREMONA
ABLANGDON,LANGDON
ABLONGVIEW,LONGVIEW
ABMORLEY,MORLEY
ABOKOTOKS,OKOTOKS
ABSTRATHMORE,STRATHMORE
ABTURNER VLY,TURNER VALLEY
ABDAYSLAND,DAYSLAND
ABFERINTOSH,FERINTOSH
ABHEISLER,HEISLER
ABNEW NORWAY,NEW NORWAY
ABSTROME,STROME
ABEXSHAW,EXSHAW
ABKANANASKIS,KANANASKIS
ABCARBON,CARBON
ABDRUMHELLER,DRUMHELLER
ABCARDSTON,CARDSTON
ABGLENWOOD,GLENWOOD
ABMAGRATH,MAGRATH
ABSTAND OFF,STAND OFF
ABWATERTONPK,WATERTON PARK
ABCARMANGAY,CARMANGAY
ABCHAMPION,CHAMPION
ABCAROLINE,CAROLINE
ABROCKYMT HS,ROCKY MOUNTAIN HOUSE
ABDIDSBURY,DIDSBURY
ABHALKIRK,HALKIRK
ABCAYLEY,CAYLEY
ABNANTON,NANTON
ABCEREAL,CEREAL
ABCHAUVIN,CHAUVIN
ABEDGERTON,EDGERTON
ABWAINWRIGHT,WAINWRIGHT
ABCHIPEWYNLK,CHIPEWYAN LAKE
ABMUNDARE,MUNDARE
ABCLAIRMONT,CLAIRMONT
ABSEXSMITH,SEXSMITH
ABCLARESHOLM,CLARESHOLM
ABGRANUM,GRANUM
ABSTAVELY,STAVELY
ABCLIVE,CLIVE
ABCLYDE,CLYDE
ABCOALDALE,COALDALE
ABCONKLIN,CONKLIN
ABVETERAN,VETERAN
ABCORONATION,CORONATION
ABCOUTTS,COUTTS
ABMILK RIVER,MILK RIVER
MTSWEETGRASS,SWEET GRASS [MT]
ABWARNER,WARNER
ABCOWLEY,COWLEY
ABCROWSNPASS,CROWSNEST PASS
ABCRAIGMYLE,CRAIGMYLE
ABDELIA,DELIA
ABHANNA,HANNA
ABCZAR,CZAR
ABHUGHENDEN,HUGHENDEN
ABDEBOLT,DEBOLT
ABVALLEYVIEW,VALLEYVIEW
ABDELBURNE,DELBURNE
ABELNORA,ELNORA
ABDERWENT,DERWENT
ABVERMILION,VERMILION
ABDIXONVILLE,DIXONVILLE
ABMANNING,MANNING
ABDONALDA,DONALDA
ABDONNELLY,DONNELLY
ABFALHER,FALHER
ABGIROUXVL,GIROUXVILLE
ABMCLENNAN,MCLENNAN
ABEVANSBURG,EVANSBURG
ABLODGEPOLE,LODGEPOLE
ABTOMAHAWK,TOMAHAWK
ABEASTCOULEE,EAST COULEE
ABHUSSAR,HUSSAR
ABMORRIN,MORRIN
ABROSEBUD,ROSEBUD
ABRUMSEY,RUMSEY
ABEAGLESHAM,EAGLESHAM
ABWANHAM,WANHAM
ABECKVILLE,ECKVILLE
ABLESLIEVL,LESLIEVILLE
ABEDSON,EDSON
ABMARLBORO,MARLBORO
ABNITON JCT,NITON JUNCTION
ABPEERS,PEERS
ABROBB,ROBB
ABELK POINT,ELK POINT
ABHEINSBURG,HEINSBURG
ABELKWATER,ELKWATER
ABTROCHU,TROCHU
ABENCHANT,ENCHANT
ABTABER,TABER
ABVAUXHALL,VAUXHALL
ABETZIKOM,ETZIKOM
ABMANYBERRIS,MANYBERRIES
ABWILDWOOD,WILDWOOD
ABNAMPA,NAMPA
ABFAUST,FAUST
ABHIGHPRAIRI,HIGH PRAIRIE
ABKINUSO,KINUSO
ABSLAVE LAKE,SLAVE LAKE
ABFLATBUSH,FLATBUSH
ABJARVIE,JARVIE
ABSWAN HILLS,SWAN HILLS
ABFTCHIPEWYN,FORT CHIPEWYAN
ABFORTMACKAY,FORT MACKAY
ABFTVERMILIN,FORT VERMILION
ABHIGH LEVEL,HIGH LEVEL
ABJENDPRAIRI,JEAN DOR PRAIRIE
ABLA CRETE,LA CRETE
ABFOX CREEK,FOX CREEK
ABFOX LAKE,FOX LAKE
ABGADSBY,GADSBY
ABGIFT LAKE,GIFT LAKE
ABGLEICHEN,GLEICHEN
ABGRANDECACH,GRANDE CACHE
ABRYCROFT,RYCROFT
ABWOKING,WOKING
ABGRASSYLAKE,GRASSY LAKE
ABGROUARD,GROUARD
ABHAIRY HILL,HAIRY HILL
ABTWO HILLS,TWO HILLS
ABVEGREVILLE,VEGREVILLE
ABWILLINGDON,WILLINGDON
ABYOUNGSTOWN,YOUNGSTOWN
ABHARDISTY,HARDISTY
ABLOUGHEED,LOUGHEED
ABHAYS,HAYS
ABKEG RIVER,KEG RIVER
ABJOUSSARD,JOUSSARD
ABHILDA,HILDA
ABJASPEREAST,JASPER EAST
ABHOBBEMA,HOBBEMA
ABWETASKIWIN,WETASKIWIN
ABHOLDEN,HOLDEN
ABRYLEY,RYLEY
ABVIKING,VIKING
ABSTANDARD,STANDARD
ABPENHOLD,PENHOLD
ABSPRUCEVIEW,SPRUCE VIEW
ABINNISFREE,INNISFREE
ABLAVOY,LAVOY
ABMINBURN,MINBURN
ABIRMA,IRMA
ABIRON SPG,IRON SPRINGS
ABPICTUREBTE,PICTURE BUTTE
ABIRVINE,IRVINE
ABISLAY,ISLAY
ABLOYDMINSTR,LLOYDMINSTER
SKLOYDMINSTR,LLOYDMINSTER
ABJASPER,JASPER
ABKITSCOTY,KITSCOTY
ABMARWAYNE,MARWAYNE
ABPARADISVLY,PARADISE VALLEY
ABPLAMONDON,PLAMONDON
ABWANDENGRIV,WANDERING RIVER
ABNEW DAYTON,NEW DAYTON
ABNOBLEFORD,NOBLEFORD
ABRAYMOND,RAYMOND
ABSTIRLING,STIRLING
ABWRENTHAM,WRENTHAM
ABLTLBFFLOLK,LITTLE BUFFALO LAKE
SKMARSHALL,MARSHALL
ABLOMOND,LOMOND
ABMAMEOBEACH,MA-ME-O BEACH
ABMULHURST,MULHURST
ABMANNVILLE,MANNVILLE
ABMEANDERRIV,MEANDER RIVER
ABRALSTON,RALSTON
ABSCHULER,SCHULER
ABSEVENPRSNS,SEVEN PERSONS
ABWALSH,WALSH
ABMILO,MILO
ABMYRNAM,MYRNAM
ABNEWBROOK,NEWBROOK
ABTHORHILD,THORHILD
ABNORDEGG,NORDEGG
ABSUNDRE,SUNDRE
ABTORRINGTON,TORRINGTON
ABSIBBALD,SIBBALD
ABPEERLESSLK,PEERLESS LAKE
ABRED EARTH,RED EARTH
ABRIMBEY,RIMBEY
ABRADWAY,RADWAY
ABRAINBOW LK,RAINBOW LAKE
ABSYLVANLAKE,SYLVAN LAKE
ABSNCHLDOCHS,SUNCHILD OCHIESE
ABROCKYFORD,ROCKYFORD
ABVILNA,VILNA
ABSKHWNRVCRG,SASKATCHEWAN RIVER CROSSING
ABSEBA BEACH,SEBA BEACH
ABSMITH,SMITH
ABWIDEWATER,WIDEWATER
ABSMOKY LAKE,SMOKY LAKE
ABWARSPITE,WARSPITE
ABWASKATENAU,WASKATENAU
ABWABASCA,WABASCA
ABZAMA,ZAMA
BC100MILE HS,100 MILE HOUSE
BC108MILE HS,108 MILE HOUSE
BCFOREST GRV,FOREST GROVE
BCLAC HACHE,LAC LA HACHE
BC150MILE HS,150 MILE HOUSE
BCWILDWOOD,WILDWOOD
BCWILLIAMSLK,WILLIAMS LAKE
BC70 MILE HS,70 MILE HOUSE
BCABBOTSFORD,ABBOTSFORD
BCALDERGROVE,ALDERGROVE
BCMISSION,MISSION
BCAGASSIZ,AGASSIZ
BCCHILLIWACK,CHILLIWACK
BCAHOUSAT,AHOUSAT
BCTOFINO,TOFINO
BCAIYANSH,AIYANSH
BCTERRACE,TERRACE
BCBOWEN IS,BOWEN ISLAND
BCCLOVERDALE,CLOVERDALE
BCFT LANGLEY,FORT LANGLEY
BCHANEY,HANEY
BCLADNER,LADNER
BCLANGLEY,LANGLEY
BCNEWWTMNSTR,NEW WESTMINSTER
BCNEWTON,NEWTON
BCNOVANCOUVR,NORTH VANCOUVER
BCPITT MDW,PITT MEADOWS
BCPTCOQUITLM,PORT COQUITLAM
BCPORT MOODY,PORT MOODY
BCRICHMOND,RICHMOND
BCVANCOUVER,VANCOUVER
BCWVANCOUVER,WEST VANCOUVER
BCWHALLEY,WHALLEY
BCWHITE ROCK,WHITE ROCK
BCWHONNOCK,WHONNOCK
BCPORTMELLON,PORT MELLON
BCSECHELT,SECHELT
BCGIBSONS,GIBSONS
BCPENDERHRBR,PENDER HARBOUR
BCALERT BAY,ALERT BAY
BCBEAVERCOVE,BEAVER COVE
BCPT MCNEILL,PORT MCNEILL
BCSOINTULA,SOINTULA
BCALEXIS CRK,ALEXIS CREEK
BCALKALILAKE,ALKALI LAKE
BCARMSTRONG,ARMSTRONG
BCVERNON,VERNON
BCASHCROFT,ASHCROFT
BCCACHECREEK,CACHE CREEK
BCASPEN PARK,ASPEN PARK
BCDALLAS,DALLAS
BCNOKAMLOOPS,NORTH KAMLOOPS
BCSOKAMLOOPS,SOUTH KAMLOOPS
BCWESTSYDE,WESTSYDE
BCATLIN,ATLIN
BCAVOLA,AVOLA
BCCLEARWATER,CLEARWATER
BCBALFOUR,BALFOUR
BCNELSON,NELSON
BCBAMFIELD,BAMFIELD
BCPT ALBERNI,PORT ALBERNI
BCBARRIERE,BARRIERE
BCBEAR LAKE,BEAR LAKE
BCHARTWAY,HARTWAY
BCPRINCEGRGE,PRINCE GEORGE
BCPORT HARDY,PORT HARDY
BCBEAVER VLY,BEAVER VALLEY
BCBEAVERDELL,BEAVERDELL
BCKELOWNA,KELOWNA
BCRUTLAND,RUTLAND
BCBELLABELLA,BELLA BELLA
BCBELLACOOLA,BELLA COOLA
BCHAGENSBORG,HAGENSBORG
BCBLACKPOINT,BLACK POINT
BCPOWELL RIV,POWELL RIVER
BCWESTVIEW,WESTVIEW
BCVAN ANDA,VAN ANDA
BCBLUE RIVER,BLUE RIVER
BCBOBQUINNLK,BOB QUINN LAKE
BCBOSTON BAR,BOSTON BAR
BCHOPE,HOPE
BCBOSWELL,BOSWELL
BCCRESTON,CRESTON
BCBOUCHIE LK,BOUCHIE LAKE
BCDRAGONLAKE,DRAGON LAKE
BCQUESNEL,QUESNEL
BCBOWSER,BOWSER
BCNANOOSE,NANOOSE
BCPARKSVILLE,PARKSVILLE
BCQUALICUM,QUALICUM
BCUNION BAY,UNION BAY
BCBRIDGELAKE,BRIDGE LAKE
BCSQUAMISH,SQUAMISH
BCBRITANNBCH,BRITANNIA BEACH
BCWHISTLER,WHISTLER
BCBURNS LAKE,BURNS LAKE
BCDECKERLAKE,DECKER LAKE
BCFRANCOISLK,FRANCOIS LAKE
BCCAMPBELRIV,CAMPBELL RIVER
BCQUADRA IS,QUADRA ISLAND
BCWILLOW PT,WILLOW POINT
BCCANALFLATS,CANAL FLATS
BCCRANBROOK,CRANBROOK
BCINVERMERE,INVERMERE
BCCASTLEGAR,CASTLEGAR
BCTHRUMS,THRUMS
BCCEDAR,CEDAR
BCGABRIOLAIS,GABRIOLA ISLAND
BCLADYSMITH,LADYSMITH
BCLANTZVILLE,LANTZVILLE
BCNANAIMO,NANAIMO
BCWELLINGTON,WELLINGTON
BCCELISTA,CELISTA
BCCHASE,CHASE
BCPRITCHARD,PRITCHARD
BCSORRENTO,SORRENTO
BCCHEMAINUS,CHEMAINUS
BCDUNCAN,DUNCAN
BCCHETWYND,CHETWYND
BCCHIEF LAKE,CHIEF LAKE
BCCHILAKO,CHILAKO
BCVANWAY,VANWAY
BCROSEDALE,ROSEDALE
BCSARDIS,SARDIS
BCYARROW,YARROW
BCCHRISTINLK,CHRISTINA LAKE
BCGRANDFORKS,GRAND FORKS
BCCLINTON,CLINTON
BCCLUCULZ LK,CLUCULZ LAKE
BCCOBBLEHILL,COBBLE HILL
BCVICTORIA,VICTORIA
BCCOMOX,COMOX
BCCOURTENAY,COURTENAY
BCCUMBERLAND,CUMBERLAND
BCOYSTER BAY,OYSTER BAY
BCCORTES IS,CORTES ISLAND
BCCRAWFORDBY,CRAWFORD BAY
BCRIONDEL,RIONDEL
BCWYNNDEL,WYNNDEL
BCD ARCY,D'ARCY
BCPEMBERTON,PEMBERTON
BCDAWSON CRK,DAWSON CREEK
BCPOUCECOUPE,POUCE COUPE
BCROLLA,ROLLA
BCWILLOWBRK,WILLOWBROOK
BCDEASE LAKE,DEASE LAKE
BCDONALD,DONALD
BCGOLDEN,GOLDEN
BCDOUGLAS LK,DOUGLAS LAKE
BCMERRITT,MERRITT
BCDUNCANLAKE,DUNCAN LAKE
BCKASLO,KASLO
BCDUNSTER,DUNSTER
BCMCBRIDE,MCBRIDE
BCVALEMOUNT,VALEMOUNT
BCEAST PINE,EAST PINE
BCELKFORD,ELKFORD
BCELKO,ELKO
BCFERNIE,FERNIE
BCGRASMERE,GRASMERE
BCJAFFRAY,JAFFRAY
BCENDERBY,ENDERBY
BCSALMON ARM,SALMON ARM
BCFRMNTHTSPG,FAIRMONT HOT SPRINGS
BCRADIUM,RADIUM
BCFALKLAND,FALKLAND
BCWESTWOLD,WESTWOLD
BCFAUQUIER,FAUQUIER
BCNAKUSP,NAKUSP
BCFIELD,FIELD
BCFLATROCK,FLATROCK
BCFORTSTJOHN,FORT SAINT JOHN
BCFORTFRASER,FORT FRASER
BCFRASERLAKE,FRASER LAKE
BCVANDERHOOF,VANDERHOOF
BCFORTNELSON,FORT NELSON
BCFTST JAMES,FORT SAINT JAMES
BCMONTNEY,MONTNEY
BCTAYLOR,TAYLOR
BCFORT WARE,FORT WARE
BCFRUITVALE,FRUITVALE
BCGENELLE,GENELLE
BCTRAIL,TRAIL
BCFULFD HRBR,FULFORD HARBOUR
BCGANGES,GANGES
BCROSSLAND,ROSSLAND
BCGISCOME,GISCOME
BCPINEVIEW,PINEVIEW
BCGOLDBRIDGE,GOLD BRIDGE
BCGOLD RIVER,GOLD RIVER
BCGRANISLE,GRANISLE
BCGRASSY PL,GRASSY PLAINS
BCGREENVILLE,GREENVILLE
BCGREENWOOD,GREENWOOD
BCMIDWAY,MIDWAY
BCGULFISLNDS,GULF ISLANDS
BCPENDER IS,PENDER ISLAND
BCHANSARD,HANSARD
BCHARTLEYBAY,HARTLEY BAY
BCHAZELTON,HAZELTON
BCSMITHERS,SMITHERS
BCHEDLEY,HEDLEY
BCPENTICTON,PENTICTON
BCHEMLOCKVLY,HEMLOCK VALLEY
BCHENDRIX LK,HENDRIX LAKE
BCHIXON,HIXON
BCHOLBERG,HOLBERG
BCYALE,YALE
BCHORSEFLY,HORSEFLY
BCHOUSTON,HOUSTON
BCHUDSOSHOPE,HUDSONS HOPE
BCISKUT,ISKUT
BCJORDAN RIV,JORDAN RIVER
BCSOOKE,SOOKE
BCLAKEVW HTS,LAKEVIEW HEIGHTS
BCOKANGNMSSN,OKANAGAN MISSION
BCWESTBANK,WESTBANK
BCKEREMEOS,KEREMEOS
BCKIMBERLEY,KIMBERLEY
BCKINCOLITH,KINCOLITH
BCPRINCERPRT,PRINCE RUPERT
BCKITIMAT,KITIMAT
BCKITKATLA,KITKATLA
BCKITSAULT,KITSAULT
BCKITWANGA,KITWANGA
BCKLEMTU,KLEMTU
BCKYUQUOT,KYUQUOT
BCLKCOWICHAN,LAKE COWICHAN
BCYOUBOU,YOUBOU
BCLAKELSE,LAKELSE
BCLASQUETIIS,LASQUETI ISLAND
BCLIKELY,LIKELY
BCLILLOOET,LILLOOET
BCLITTLEFORT,LITTLE FORT
BCLOGAN LAKE,LOGAN LAKE
BCLOOS,LOOS
BCLOWER POST,LOWER POST
YTWATSONLAKE,WATSON LAKE [YT]
BCLUMBY,LUMBY
BCLYTTON,LYTTON
BCMACKENZIE,MACKENZIE
BCMANNING PK,MANNING PARK
BCMASSET,MASSET
BCMCLEESE LK,MCLEESE LAKE
BCMCLEODLAKE,MCLEOD LAKE
BCMICA CREEK,MICA CREEK
BCREVELSTOKE,REVELSTOKE
BCROCK CREEK,ROCK CREEK
BCMOYIE,MOYIE
BCMUNCHOLAKE,MUNCHO LAKE
BCNARAMATA,NARAMATA
BCNO NELSON,NORTH NELSON
BCNEW DENVER,NEW DENVER
BCNIMPO LAKE,NIMPO LAKE
BCOCEANFALLS,OCEAN FALLS
BCOKANGANFLS,OKANAGAN FALLS
BCOLIVER,OLIVER
BCOSOYOOS,OSOYOOS
BCOYAMA,OYAMA
BCWINFIELD,WINFIELD
BCPARSON,PARSON
BCPEACHLAND,PEACHLAND
BCPORT ALICE,PORT ALICE
BCPTCLEMENTS,PORT CLEMENTS
BCQUEENCHRLT,QUEEN CHARLOTTE
BCPORTEDWARD,PORT EDWARD
BCPT RENFREW,PORT RENFREW
BCPT SIMPSON,PORT SIMPSON
BCPRESPATOU,PRESPATOU
BCPRINCETON,PRINCETON
BCPROPHETRIV,PROPHET RIVER
BCPUNTZI,PUNTZI
BCSANDSPIT,SANDSPIT
BCRED ROCK,RED ROCK
BCRISKECREEK,RISKE CREEK
BCSAANICH,SAANICH
BCSALMO,SALMO
BCTAPPEN,TAPPEN
BCSALMON VLY,SALMON VALLEY
BCSAVONA,SAVONA
BCSAYWARD,SAYWARD
BCSHALALTH,SHALALTH
BCSICAMOUS,SICAMOUS
BCSKOOKUCHCK,SKOOKUMCHUCK
BCSLOCAN,SLOCAN
BCVALLICAN,VALLICAN
BCTELKWA,TELKWA
BCSO SLOCAN,SOUTH SLOCAN
BCSPARWOOD,SPARWOOD
BCSPENCESBDG,SPENCES BRIDGE
BCSPILIMCHEN,SPILLIMACHEEN
BCSTEWART,STEWART
BCSUMMERLAND,SUMMERLAND
BCSUMMITLAKE,SUMMIT LAKE
BCTACHIE,TACHIE
BCTAHSIS,TAHSIS
BCTATLA LAKE,TATLA LAKE
BCTELEGRPCRK,TELEGRAPH CREEK
BCTOAD RIVER,TOAD RIVER
BCUCLUELET,UCLUELET
BCTOPLEY,TOPLEY
BCTROUT LAKE,TROUT LAKE
BCTSAYKEHDNE,TSAY-KEH-DENE
BCTUMBLERRDG,TUMBLER RIDGE
BCVAVENBY,VAVENBY
BCWELLS,WELLS
BCWINTERHRBR,WINTER HARBOUR
BCWONOWON,WONOWON
BCWOSS LAKE,WOSS LAKE
BCYAHK,YAHK
BCZEBALLOS,ZEBALLOS
MBALEXANDER,ALEXANDER
MBBRANDON,BRANDON
MBDOUGLAS,DOUGLAS
MBOAK LAKE,OAK LAKE
MBRIVERS,RIVERS
MBSOURIS,SOURIS
MBALONSA,ALONSA
MBAMARANTH,AMARANTH
MBEDDYSTONE,EDDYSTONE
MBMCCREARY,MCCREARY
MBSTROSEDULC,SAINTE ROSE DU LAC
MBALTONA,ALTONA
MBEMERSON,EMERSON
MBGRETNA,GRETNA
MBLETELLIER,LETELLIER
MBMORRIS,MORRIS
MBPLUMCOULEE,PLUM COULEE
MBSTJNBPTIST,SAINT JEAN BAPTISTE
MBEDWIN,EDWIN
MBGLADSTONE,GLADSTONE
MBGLENELLA,GLENELLA
MBLANGRUTH,LANGRUTH
MBMACDONALD,MACDONALD
MBOAKVILLE,OAKVILLE
MBPOPLAR PT,POPLAR POINT
MBPORTAGPRRI,PORTAGE LA PRAIRIE
MBST CLAUDE,SAINT CLAUDE
MBSOUTHPORT,SOUTHPORT
MBANOLA,ANOLA
MBBEAUSEJOUR,BEAUSEJOUR
MBDUGALD,DUGALD
MBHAZELRIDGE,HAZELRIDGE
MBLORETTE,LORETTE
MBOAKBANK,OAKBANK
MBSTE ANNE,SAINTE ANNE
MBARBORG,ARBORG
MBFISHERBRCH,FISHER BRANCH
MBFRASERWOOD,FRASERWOOD
MBGIMLI,GIMLI
MBHECLA,HECLA
MBPINE DOCK,PINE DOCK
MBPOPLARFLD,POPLARFIELD
MBRIVERTON,RIVERTON
MBVIDIR,VIDIR
MBARDEN,ARDEN
MBBROOKDALE,BROOKDALE
MBCARBERRY,CARBERRY
MBEDEN,EDEN
MBKELWOOD,KELWOOD
MBNEEPAWA,NEEPAWA
MBPLUMAS,PLUMAS
MBSIDNEY,SIDNEY
MBASHERN,ASHERN
MBERIKSDALE,ERIKSDALE
MBGYPSUMVL,GYPSUMVILLE
MBSTEEP ROCK,STEEP ROCK
MBAUSTIN,AUSTIN
MBGLENBORO,GLENBORO
MBHOLLAND,HOLLAND
MBMACGREGOR,MACGREGOR
MBTREHERNE,TREHERNE
MBBALDUR,BALDUR
MBBELMONT,BELMONT
MBCARTWRIGHT,CARTWRIGHT
MBCYPRESSRIV,CYPRESS RIVER
MBPILOTMOUND,PILOT MOUND
MBSWAN LAKE,SWAN LAKE
MBWAWANESA,WAWANESA
MBBASSWOOD,BASSWOOD
MBCLANWILLIM,CLANWILLIAM
MBERICKSON,ERICKSON
MBMINNEDOSA,MINNEDOSA
MBNEWDALE,NEWDALE
MBRAPID CITY,RAPID CITY
MBSANDY LAKE,SANDY LAKE
MBBROKENHEAD,BROKENHEAD
MBGULL LAKE,GULL LAKE
MBLCDUBONNET,LAC DU BONNET
MBLIBAU,LIBAU
MBSELKIRK,SELKIRK
MBKILLARNEY,KILLARNEY
MBNINETTE,NINETTE
MBBENITO,BENITO
MBBIRCHRIVER,BIRCH RIVER
MBBOWSMAN,BOWSMAN
MBCOWAN,COWAN
MBMAFEKING,MAFEKING
MBMINITONAS,MINITONAS
MBPELICANRPD,PELICAN RAPIDS
MBSWAN RIVER,SWAN RIVER
MBBERENS RIV,BERENS RIVER
MBLTLGRNDRPD,LITTLE GRAND RAPIDS
MBPOPLAR RIV,POPLAR RIVER
MBBEULAH,BEULAH
MBBIRTLE,BIRTLE
MBCRANDALL,CRANDALL
MBHAMIOTA,HAMIOTA
MBKENTON,KENTON
MBMCAULEY,MCAULEY
MBMINIOTA,MINIOTA
MBOAK RIVER,OAK RIVER
MBBINSCARTH,BINSCARTH
MBFOXWARREN,FOXWARREN
MBINGLIS,INGLIS
MBROSSBURN,ROSSBURN
MBRUSSELL,RUSSELL
MBST LAZARE,SAINT LAZARE
MBSHOAL LAKE,SHOAL LAKE
MBBISSETT,BISSETT
MBMANIGOTGAN,MANIGOTAGAN
MBPINE FALLS,PINE FALLS
MBBOISSEVAIN,BOISSEVAIN
MBDELORAINE,DELORAINE
MBELGIN,ELGIN
MBMINTO,MINTO
MBBROCHET,BROCHET
MBLYNN LAKE,LYNN LAKE
MBCAMPERVL,CAMPERVILLE
MBDAUPHIN,DAUPHIN
MBETHELBERT,ETHELBERT
MBFORK RIVER,FORK RIVER
MBGILBERT PL,GILBERT PLAINS
MBGRANDVIEW,GRANDVIEW
MBOCHRERIVER,OCHRE RIVER
MBPINE RIVER,PINE RIVER
MBRORKETON,RORKETON
MBSIFTON,SIFTON
MBWATERHEN,WATERHEN
MBWINNIPGOSS,WINNIPEGOSIS
MBCARMAN,CARMAN
MBELM CREEK,ELM CREEK
MBMIAMI,MIAMI
MBROLAND,ROLAND
MBSPERLING,SPERLING
MBSTARBUCK,STARBUCK
MBSTEPHENFLD,STEPHENFIELD
MBCRYSTAL CY,CRYSTAL CITY
MBCHURCHILL,CHURCHILL
MBCLEAR LAKE,CLEAR LAKE
MBELPHINSTN,ELPHINSTONE
MBCLEARWTRLK,CLEARWATER LAKE
MBCORMORANT,CORMORANT
MBMOOSE LAKE,MOOSE LAKE
MBTHE PAS,THE PAS
MBWANLESS,WANLESS
MBCRANBRPRTG,CRANBERRY PORTAGE
MBFLIN FLON,FLIN FLON
MBVIRDEN,VIRDEN
MBCROMER,CROMER
MBELKHORN,ELKHORN
MBRESTON,RESTON
MBCROSS LAKE,CROSS LAKE
MBNORWAY HS,NORWAY HOUSE
MBTHOMPSON,THOMPSON
MBMANITOU,MANITOU
MBSNOWFLAKE,SNOWFLAKE
MBDARLINGFD,DARLINGFORD
MBMORDEN,MORDEN
MBGOODLANDS,GOODLANDS
MBHARTNEY,HARTNEY
MBLYLETON,LYLETON
MBMEDORA,MEDORA
MBMELITA,MELITA
MBPIERSON,PIERSON
MBTILSTON,TILSTON
MBWASKADA,WASKADA
MBDOMINIONCY,DOMINION CITY
MBGRUNTHAL,GRUNTHAL
MBST MALO,SAINT MALO
MBVITA,VITA
MBSHILO,SHILO
MBEASTERVL,EASTERVILLE
MBGRAND RPDS,GRAND RAPIDS
MBRATHWELL,RATHWELL
MBELIE,ELIE
MBMARQUETTE,MARQUETTE
MBSTFRNCSXVR,SAINT FRANCOIS XAVIER
MBWARREN,WARREN
MBOAKBURN,OAKBURN
MBSTRATHCLAR,STRATHCLAIR
MBLUNDAR,LUNDAR
MBST LAURENT,SAINT LAURENT
MBFALCONLAKE,FALCON LAKE
MBHADASHVL,HADASHVILLE
MBRENNIE,RENNIE
MBWHITEMOUTH,WHITEMOUTH
MBFISHER RIV,FISHER RIVER
MBINWOOD,INWOOD
MBTEULON,TEULON
MBGARDENHILL,GARDEN HILL
MBRDSUCKERLK,RED SUCKER LAKE
MBSTHERESAPT,SAINT THERESA POINT
MBWAASAGOMCH,WAASAGOMACH
MBGILLAM,GILLAM
MBILFORD,ILFORD
MBSUNDANCE,SUNDANCE
MBWINNIPGBCH,WINNIPEG BEACH
MBGODSLKNRWS,GODS LAKE NARROWS
MBGODS RIVER,GODS RIVER
MBGRANDBEACH,GRAND BEACH
MBROBLIN,ROBLIN
MBWINKLER,WINKLER
MBKLEEFELD,KLEEFELD
MBLABROQURIE,LA BROQUERIE
MBLANDMARK,LANDMARK
MBNIVERVILLE,NIVERVILLE
MBPINEY,PINEY
MBSTPRRJOLYS,SAINT PIERRE JOLYS
MBSPRAGUE,SPRAGUE
MBSTEINBACH,STEINBACH
MBWOODRIDGE,WOODRIDGE
MBPIPESTONE,PIPESTONE
MBSPLIT LAKE,SPLIT LAKE
MBLACBROCHET,LAC BROCHET
MBPINAWA,PINAWA
MBPT DU BOIS,POINTE DU BOIS
MBLEAFRAPIDS,LEAF RAPIDS
MBSOINDIANLK,SOUTH INDIAN LAKE
MBLOCKPORT,LOCKPORT
MBPETERSFLD,PETERSFIELD
MBSTONY MT,STONY MOUNTAIN
MBST ADOLPHE,SAINT ADOLPHE
MBPUKATWAGAN,PUKATAWAGAN
MBSOMERSET,SOMERSET
MBSTONEWALL,STONEWALL
MBWOODLANDS,WOODLANDS
MBSANFORD,SANFORD
MBSTE AGATHE,SAINTE AGATHE
MBNELSON HS,NELSON HOUSE
MBNTRDMLORDS,NOTRE DAME DE LOURDES
MBOXFORD HS,OXFORD HOUSE
MBPIKWITONEI,PIKWITONEI
MBSHAMATTAWA,SHAMATTAWA
MBSINCLAIR,SINCLAIR
MBSNOW LAKE,SNOW LAKE
MBTHICKEPRTG,THICKET PORTAGE
MBWABOWDEN,WABOWDEN
MBWINNIPEG,WINNIPEG
NBALBERT,ALBERT
NBALMA,ALMA
NBHILLSBORGH,HILLSBOROUGH
NBMONCTON,MONCTON
NBPETITCODIC,PETITCODIAC
NBSALISBURY,SALISBURY
NBALLARDVL,ALLARDVILLE
NBBATHURST,BATHURST
NBPETITROCHR,PETIT ROCHER
NBBAIESTANNE,BAIE SAINT ANNE
NBMIRAMICHI,MIRAMICHI
NBSTLOUSKENT,SAINT LOUIS DE KENT
NBBAKERBROOK,BAKER BROOK
NBCLAIR,CLAIR
NBEDMUNDSTON,EDMUNDSTON
NBST BASILE,SAINT BASILE
NBBALMORAL,BALMORAL
NBBELLEDUNE,BELLEDUNE
NBCAMPBELLTN,CAMPBELLTON
NBDALHOUSIE,DALHOUSIE
NBBLACKSHRBR,BLACK'S HARBOUR
NBCAMPOBELLO,CAMPOBELLO
NBDEERISLAND,DEER ISLAND
NBGRANDMANAN,GRAND MANAN
NBST ANDREWS,SAINT ANDREWS
NBST GEORGE,SAINT GEORGE
NBST STEPHEN,SAINT STEPHEN
NBBLACKVILLE,BLACKVILLE
NBBOIESTOWN,BOIESTOWN
NBDOAKTOWN,DOAKTOWN
NBFREDERICTN,FREDERICTON
NBSTANLEY,STANLEY
NBBOUCTOUCHE,BOUCTOUCHE
NBCOCAGNE,COCAGNE
NBFORDSMILLS,FORDS MILLS
NBRICHIBUCTO,RICHIBUCTO
NBST ANTOINE,SAINT ANTOINE
NBBROWNSFLAT,BROWNS FLAT
NBGRDBYWSFLD,GRAND BAY WESTFIELD
NBROTHESAY,ROTHESAY
NBSAINT JOHN,SAINT JOHN
NBKEDGWICK,KEDGWICK
PQMATAPEDIA,MATAPEDIA
PQPT CROIX,POINTE-A-LA-CROIX
NBST QUENTIN,SAINT QUENTIN
MELUBEC,LUBEC [ME]
NBCAP PELE,CAP PELE
NBDORCHESTER,DORCHESTER
NBMEMRAMCOOK,MEMRAMCOOK
NBPORT ELGIN,PORT ELGIN
NBSACKVILLE,SACKVILLE
NBSHEDIAC,SHEDIAC
NBCARAQUET,CARAQUET
NBGRANDEANSE,GRANDE ANSE
NBLAMEQUE,LAMEQUE
NBPAQUETVL,PAQUETVILLE
NBST ISIDORE,SAINT ISIDORE
NBSHIPPAGAN,SHIPPAGAN
NBTRACADIE,TRACADIE
NBCHIPMAN,CHIPMAN
NBMINTO,MINTO
NBOROMOCTO,OROMOCTO
NBSTANNMDWSK,SAINTE ANNE DE MADAWASKA
MEMADAWASKA,MADAWASKA [ME]
NBFLORENCEVL,FLORENCEVILLE
NBHARTLAND,HARTLAND
NBPERTHANDVR,PERTH ANDOVER
NBPLASTER RK,PLASTER ROCK
NBWOODSTOCK,WOODSTOCK
NBFREDETNJCT,FREDERICTON JUNCTION
NBGAGETOWN,GAGETOWN
NBHARVEY STA,HARVEY STATION
NBHOYT,HOYT
NBKESWICK,KESWICK
NBMCADAM,MCADAM
NBMILLVILLE,MILLVILLE
NBNACKAWIC,NACKAWIC
NBHAMPTON,HAMPTON
NBMACES BAY,MACE'S BAY
NBST MARTINS,SAINT MARTINS
NBSUMMERVL,SUMMERVILLE
NBWELSFORD,WELSFORD
NBGRANDFALLS,GRAND FALLS
NBNEWDENMARK,NEW DENMARK
NBST LEONARD,SAINT LEONARD
NBNORTON,NORTON
NBSPRINGFLD,SPRINGFIELD
NBMEDUCTIC,MEDUCTIC
MEVANCEBORO,VANCEBORO [ME]
NBNEGUAC,NEGUAC
NBROGERSVL,ROGERSVILLE
NBSUSSEX,SUSSEX
NBYOUNGSCVRD,YOUNGS COVE ROAD
NSAMHERST,AMHERST
MEVAN BUREN,VAN BUREN [ME]
MECALAIS,CALAIS [ME]
NFARNOLDS CV,ARNOLD'S COVE
NFCOMBYCHANC,COME BY CHANCE
NFLTHREPLTBY,LITTLE HARBOUR EAST (PLACENTIA BAY)
NFBADGER,BADGER
NFGRANDFALLS,GRAND FALLS
NFBAIE VERTE,BAIE VERTE
NFMINGSBIGHT,MING'S BIGHT
NFSEALCVWHBY,SEAL COVE (WHITE BAY)
NFWILD COVE,WILD COVE
NFBAYLARGENT,BAY L'ARGENT
NFENLSHHRBRE,ENGLISH HARBOUR EAST
NFBAYROBERTS,BAY ROBERTS
NFBRIGUS,BRIGUS
NFUP IS COVE,UPPER ISLAND COVE
NFBELLISLAND,BELL ISLAND
NFPORTUGALCV,PORTUGAL COVE
NFST JOHNS,SAINT JOHNS
NFBELLEORAM,BELLEORAM
NFCOOMBSCOVE,COOMBS COVE
NFENLSHHRBRW,ENGLISH HARBOUR WEST
NFBELLEVUE,BELLEVUE
NFCHAPEL ARM,CHAPEL ARM
NFWHITBOURNE,WHITBOURNE
NFBENOITS CV,BENOIT'S COVE
NFCORNER BRK,CORNER BROOK
NFLARKHRBOUR,LARK HARBOUR
NFBIRCHY BAY,BIRCHY BAY
NFLEWISPORTE,LEWISPORTE
NFBISHOPSFLS,BISHOP'S FALLS
NFBLCKDUCKCV,BLACK DUCK COVE
NFFLOWERS CV,FLOWER'S COVE
NFBONAVISTA,BONAVISTA
NFCATALINA,CATALINA
NFNEWMANS CV,NEWMAN'S COVE
NFBOYDS COVE,BOYD'S COVE
NFBRANCH,BRANCH
NFST BRIDES,SAINT BRIDES
NFBRENTSCOVE,BRENT'S COVE
NFLA SCIE,LA SCIE
NFBRIG BAY,BRIG BAY
NFREEFSHRBOR,REEFS HARBOUR
NFBROWNS ARM,BROWN'S ARM
NFBUCHANS,BUCHANS
NFBURGEO,BURGEO
NFGREY RIVER,GREY RIVER
NFRAMEA,RAMEA
NFBURIN,BURIN
NFGARNISH,GARNISH
NFMARYSTOWN,MARYSTOWN
NFRUSHOON,RUSHOON
NFCAMPBELLTN,CAMPBELLTON
NFCAPEBROYLE,CAPE BROYLE
NFFERMEUSE,FERMEUSE
NFCARBONEAR,CARBONEAR
NFHEARTSDGHT,HEART'S DELIGHT
NFLOWIS COVE,LOWER ISLAND COVE
NFWESTERNBAY,WESTERN BAY
NFLONGHRBOUR,LONG HARBOUR
NFCHTNBNSTBY,CHARLOTTETOWN (BONAVISTA BAY)
NFCLARENVL,CLARENVILLE
NFGLOVERTOWN,GLOVERTOWN
NFHICKMAHRBR,HICKMAN'S HARBOUR
NFHILLVIEW,HILLVIEW
NFJAMESTOWN,JAMESTOWN
NFLTLHRTSEAS,LITTLE HEARTS EASE
NFMONROE,MONROE
NFMUSGRAVETN,MUSGRAVETOWN
NFPT BLANDFD,PORT BLANDFORD
NFPRINCETON,PRINCETON
NFCODROY,CODROY
NFPTAXBASQUS,PORT AUX BASQUES
NFCMTCVNWSTD,COMFORT COVE-NEWSTEAD
NFCOOKSHRBOR,COOK'S HARBOUR
NFST ANTHONY,SAINT ANTHONY
NFMCIVERS,MCIVERS
NFPASADENA,PASADENA
NFSUMMERSIDE,SUMMERSIDE
NFDEGRAS,DEGRAS
NFLOURDES,LOURDES
NFSTEPHENVL,STEPHENVILLE
NFENGLEE,ENGLEE
NFRODDICKTON,RODDICKTON
NFGREENIS CV,GREEN ISLAND COVE
NFFOGO,FOGO
NFIS HARBOUR,ISLAND HARBOUR
NFJOBATTSARM,JOE BATTS ARM
NFSELDOM,SELDOM
NFFORTEALABR,FORTEAU LABR
NFLANSALPLBR,L'ANSE AU LOUP LABR
NFFRWTRPLTBY,FRESHWATER (PLACENTIA BAY)
NFGANDER,GANDER
NFGLENWOOD,GLENWOOD
NFGAULTOIS,GAULTOIS
NFHERMITAGE,HERMITAGE
NFGRAND BANK,GRAND BANK
NFLAMALINE,LAMALINE
NFNORRIS ARM,NORRIS ARM
NFGREENSPOND,GREENSPOND
NFWESLEYVL,WESLEYVILLE
NFGRIQUET,GRIQUET
NFHPVLGSBYLB,HAPPY VALLEY GOOSE BAY LABR
NFNOWRIVLABR,NORTH WEST RIVER LABR
NFHARBORMAIN,HARBOUR MAIN
NFLONG POND,LONG POND
NFHARRYSHRBR,HARRY'S HARBOUR
NFKINGSPOINT,KING'S POINT
NFSPRINGDALE,SPRINGDALE
NFHAWKES BAY,HAWKE'S BAY
NFPTSAUNDERS,PORT SAUNDERS
NFRIVERPONDS,RIVER OF PONDS
NFNEWHARBOUR,NEW HARBOUR
NFSLCVFRTNBY,SEAL COVE (FORTUNE BAY)
NFHILLGRADE,HILLGRADE
NFMORENSHRBR,MORETON'S HARBOUR
NFSUMMERFORD,SUMMERFORD
NFTWILLINGAT,TWILLINGATE
NFISAUXMORTS,ISLE AUX MORTS
NFROSEBLANCH,ROSE BLANCHE
NFJACKSOSARM,JACKSON'S ARM
NFSOPS ARM,SOP'S ARM
NFWESTPORT,WESTPORT
NFJEFFREYS,JEFFREYS
NFKINGS COVE,KING'S COVE
NFPLATE CV E,PLATE COVE EAST
NFLITTLE BAY,LITTLE BAY
NFSOUTHBROOK,SOUTH BROOK
NFREDBAYLABR,RED BAY LABR
NFLBDCWBHLBR,LABRADOR CITY WABUSH LABR
NFSTLAWRENCE,SAINT LAWRENCE
NFOLDPRLICAN,OLD PERLICAN
NFLUMSDEN,LUMSDEN
NFMAIN BROOK,MAIN BROOK
NFMRSHRBRLBR,MARY'S HARBOUR LABR
NFSTLWISLABR,SAINT LEWIS LABR
NFMILLTOWN,MILLTOWN
NFST ALBANS,SAINT ALBANS
NFPORTAUPORT,PORT AU PORT
NFTORBAY,TORBAY
NFPOUCH COVE,POUCH COVE
NFROCKY HRBR,ROCKY HARBOUR
NFWOODYPOINT,WOODY POINT
NFST GEORGES,SAINT GEORGES
NFSTEPHECSNG,STEPHENVILLE CROSSING
NFWITLESSBAY,WITLESS BAY
NFTROUTRIVER,TROUT RIVER
NSADVOCATE,ADVOCATE
NSPARRSBORO,PARRSBORO
NSPTGREVILLE,PORT GREVILLE
NSCOLLINGWD,COLLINGWOOD
NSMACCAN,MACCAN
NSOXFORD,OXFORD
NSPUGWASH,PUGWASH
NSRIV HEBERT,RIVER HEBERT
NSSOUTHAMPTN,SOUTHAMPTON
NSSPRINGHILL,SPRINGHILL
NSANAPLSROYL,ANNAPOLIS ROYAL
NSBEAR RIVER,BEAR RIVER
NSBRIDGETOWN,BRIDGETOWN
NSCALEDONIA,CALEDONIA
NSDIGBY,DIGBY
NSANTIGONISH,ANTIGONISH
NSCOUNTRHRBR,COUNTRY HARBOUR
NSGOSHEN,GOSHEN
NSGUYSBOROGH,GUYSBOROUGH
NSHEATHERTON,HEATHERTON
NSKENZIEVL,KENZIEVILLE
NSMELROSE,MELROSE
NSMERIGOMISH,MERIGOMISH
NSMONASTERY,MONASTERY
NSARGYLE,ARGYLE
NSPUBNICO,PUBNICO
NSTUSKET,TUSKET
NSYARMOUTH,YARMOUTH
NSARICHAT,ARICHAT
NSLOUISDALE,LOUISDALE
NSPTHAWKESBY,PORT HAWKESBURY
NSST PETERS,SAINT PETERS
NSAYLESFORD,AYLESFORD
NSBERWICK,BERWICK
NSKENTVILLE,KENTVILLE
NSKINGSTON,KINGSTON
NSNEW ROSS,NEW ROSS
NSSPRINGFLD,SPRINGFIELD
NSBADDECK,BADDECK
NSBOULARDRIE,BOULARDERIE
NSMARGARFRKS,MARGAREE FORKS
NSSTANNS BAY,SAINT ANNS BAY
NSWHYCOCOMGH,WHYCOCOMAGH
NSBARRINGTON,BARRINGTON
NSSHELBURNE,SHELBURNE
NSWD HARBOUR,WOODS HARBOUR
NSCLARKSHRBR,CLARKS HARBOR
NSBASS RIVER,BASS RIVER
NSGREAT VLG,GREAT VILLAGE
NSTRURO,TRURO
NSWENTWORTH,WENTWORTH
NSWEYMOUTH,WEYMOUTH
NSBLANDFORD,BLANDFORD
NSCHESTER,CHESTER
NSHUBBARDS,HUBBARDS
NSBOISDALE,BOISDALE
NSEAST BAY,EAST BAY
NSESKASONI,ESKASONI
NSGRAND NRWS,GRAND NARROWS
NSNO SYDNEY,NORTH SYDNEY
NSSYDNEY,SYDNEY
NSLAWRENCETN,LAWRENCETOWN
NSMIDDLETON,MIDDLETON
NSBRIDGEWTR,BRIDGEWATER
NSCHELSEA,CHELSEA
NSLUNENBURG,LUNENBURG
NSMAHONE BAY,MAHONE BAY
NSMILL VLG,MILL VILLAGE
NSNEWGERMANY,NEW GERMANY
NSRIVERPORT,RIVERPORT
NSBROOKFIELD,BROOKFIELD
NSSTEWIACKE,STEWIACKE
NSUPSTEWIACK,UPPER STEWIACKE
NSBROOKLYN,BROOKLYN
NSCHEVERIE,CHEVERIE
NSCLARKSVL,CLARKSVILLE
NSMT UNIACKE,MOUNT UNIACKE
NSWALTON,WALTON
NSWINDSOR,WINDSOR
NSLIVERPOOL,LIVERPOOL
NSCANNING,CANNING
NSWOLFVILLE,WOLFVILLE
NSCANSO,CANSO
NSQUEENSPORT,QUEENSPORT
NSCARLETON,CARLETON
NSPTMAITLAND,PORT MAITLAND
NSCHETICAMP,CHETICAMP
NSMARGAREHBR,MARGAREE HARBOR
NSCHEZZETCOK,CHEZZETCOOK
NSHALIFAX,HALIFAX
NSMUSQUDOBOT,MUSQUODOBOIT
NSMUSQUTHRBR,MUSQUODOBOIT HARBOUR
NSWAVERLEY,WAVERLEY
NSELMSDALE,ELMSDALE
NSKENNETCOOK,KENNETCOOK
NSNOEL,NOEL
NSSACKVILLE,SACKVILLE
NSGOLDBORO,GOLDBORO
NSSHERBROOKE,SHERBROOKE
NSDEBERT,DEBERT
NSTATAMGOUCH,TATAMAGOUCHE
NSFREEPORT,FREEPORT
NSSANDY COVE,SANDY COVE
NSDINGWALL,DINGWALL
NSINGONISH,INGONISH
NSNEILS HRBR,NEILS HARBOUR
NSL ARDOISE,L'ARDOISE
NSMARION BDG,MARION BRIDGE
NSECUM SECUM,ECUM SECUM
NSPTDUFFERIN,PORT DUFFERIN
NSSHEETHRBOR,SHEET HARBOUR
NSLISCOMB,LISCOMB
NSMAITLAND,MAITLAND
NSSHUBENCADI,SHUBENACADIE
NSFRENCH VLG,FRENCH VILLAGE
NSPROSPECTRD,PROSPECT ROAD
NSGABARUS,GABARUS
NSLOUISBOURG,LOUISBOURG
NSGLACE BAY,GLACE BAY
NSNEWWATERFD,NEW WATERFORD
NSPORTMORIEN,PORT MORIEN
NSLARRYS RIV,LARRYS RIVER
NSMULGRAVE,MULGRAVE
NSKETCHHRBOR,KETCH HARBOUR
NSSTMARGARTS,SAINT MARGARETS
NSHANTSPORT,HANTSPORT
NSHOPEWELL,HOPEWELL
NSNEWGLASGOW,NEW GLASGOW
NSTHORBURN,THORBURN
NSUPMUSQUDBT,UPPER MUSQUODOBOIT
NSINVERNESS,INVERNESS
NSMABOU,MABOU
NSIONA,IONA
NSLKCHARLOTT,LAKE CHARLOTTE
NSTANGIER,TANGIER
NSPORTMOUTON,PORT MOUTON
NSLOCKEPORT,LOCKEPORT
NSPORT HOOD,PORT HOOD
NSMETEGHAN,METEGHAN
NSSAULNIERVL,SAULNIERVILLE
NSPICTOU,PICTOU
NSSALTSPRIGS,SALTSPRINGS
NSWALLACE,WALLACE
NSRIVER JOHN,RIVER JOHN
NSPTBICKERTN,PORT BICKERTON
NSWEDGEPORT,WEDGEPORT
ONABERARDER,ABERARDER
ONARKONA,ARKONA
ONBRIGHTSGRV,BRIGHTS GROVE
ONFOREST,FOREST
ONSARNIA,SARNIA
ONWYOMING,WYOMING
ONABITBICNYN,ABITIBI CANYON
ONACTON,ACTON
ONCAMPBELLVL,CAMPBELLVILLE
ONGEORGETOWN,GEORGETOWN
ONGUELPH,GUELPH
ONMILTON,MILTON
ONROCKWOOD,ROCKWOOD
ONADOLPHUSTN,ADOLPHUSTOWN
ONBATH,BATH
ONKINGSTON,KINGSTON
ONNAPANEE,NAPANEE
ONAILSACRAIG,AILSA CRAIG
ONILDERTON,ILDERTON
ONLONDON,LONDON
ONLUCAN,LUCAN
ONNAIRN,NAIRN
ONPARKHILL,PARKHILL
ONAJAXPCKRNG,AJAX-PICKERING
ONBROOKLIN,BROOKLIN
ONCLAREMONT,CLAREMONT
ONMARKHAM,MARKHAM
ONOSHAWA,OSHAWA
ONSOPICKERNG,SOUTH PICKERING
ONTORONTO,TORONTO
ONWHITBY,WHITBY
ONALBAN,ALBAN
ONESTAIRE,ESTAIRE
ONNOELVILLE,NOELVILLE
ONSUDBURY,SUDBURY
ONALEXANDRIA,ALEXANDRIA
ONALFRED,ALFRED
ONCORNWALL,CORNWALL
ONGLENRBRTSN,GLEN ROBERTSON
ONHAWKESBURY,HAWKESBURY
ONL ORIGNAL,L'ORIGNAL
ONLANCASTER,LANCASTER
ONMAXVILLE,MAXVILLE
ONST EUGENE,SAINT EUGENE
ONVANKLEEKHL,VANKLEEK HILL
PQGRENVILLE,GRENVILLE
ONPLANTAGNET,PLANTAGENET
ONALGOMA ML,ALGOMA MILLS
ONBLINDRIVER,BLIND RIVER
ONCHUB LAKE,CHUB LAKE
ONELLIOTLAKE,ELLIOT LAKE
ONIRONBRIDGE,IRON BRIDGE
ONALGONQUNPK,ALGONQUIN PARK
ONDWIGHT,DWIGHT
ONHUNTSVILLE,HUNTSVILLE
ONALLISTON,ALLISTON
ONBARRIE,BARRIE
ONBEETON,BEETON
ONBORDENANGS,BORDEN ANGUS
ONCOOKSTOWN,COOKSTOWN
ONCREEMORE,CREEMORE
ONSHELBURNE,SHELBURNE
ONTOTTENHAM,TOTTENHAM
ONALMONTE,ALMONTE
ONARNPRIOR,ARNPRIOR
ONCARLETONPL,CARLETON PLACE
ONCARP,CARP
ONCONSTANCBY,CONSTANCE BAY
ONCUMBERLAND,CUMBERLAND
ONEMBRUN,EMBRUN
ONGLOUCESTER,GLOUCESTER
ONJOCKVALE,JOCKVALE
ONKANATASSVL,KANATA STITTSVILLE
ONKEMPTVILLE,KEMPTVILLE
ONMANOTICK,MANOTICK
ONMERRICKVL,MERRICKVILLE
ONMETCALFE,METCALFE
ONNAVAN,NAVAN
ONNORTHGOWER,NORTH GOWER
ONORLEANS,ORLEANS
ONOSGOODE,OSGOODE
ONOTTAWAHULL,OTTAWA-HULL
PQOTTAWAHULL,OTTAWA-HULL
ONPAKENHAM,PAKENHAM
ONRICHMOND,RICHMOND
ONRUSSELL,RUSSELL
ONSMITHS FLS,SMITHS FALLS
ONWINCHESTER,WINCHESTER
ONALVINSTON,ALVINSTON
ONALVITNIDNT,ALVINSTON INDEPENDENT
ONBOTHWELL,BOTHWELL
ONGLENCOE,GLENCOE
ONINWOOD,INWOOD
ONWATFORD,WATFORD
ONWATFD IDNT,WATFORD INDEPENDENT
ONKERWOOD,KERWOOD
ONLAMBETH,LAMBETH
ONMT BRYDGES,MOUNT BRYDGES
ONSTRATHROY,STRATHROY
ONAMHERSTBG,AMHERSTBURG
ONHARROW,HARROW
ONLA SALLE,LA SALLE
ONMAIDSTONE,MAIDSTONE
ONMCGREGOR,MCGREGOR
ONTECUMSEH,TECUMSEH
ONWINDSOR,WINDSOR
ONANCASTER,ANCASTER
ONBINBROOK,BINBROOK
ONDUNDAS,DUNDAS
ONFREELTON,FREELTON
ONGALT,GALT
ONHAMILTON,HAMILTON
ONLYNDEN,LYNDEN
ONMOUNT HOPE,MOUNT HOPE
ONSTONEYCRK,STONEY CREEK
ONWATERDOWN,WATERDOWN
ONWINONA,WINONA
ONAPSLEY,APSLEY
ONBURLEGHFLS,BURLEIGH FALLS
ONLAKEFIELD,LAKEFIELD
ONPETERBROGH,PETERBOROUGH
ONARDEN,ARDEN
ONHARROWSMTH,HARROWSMITH
ONPARHAM,PARHAM
ONSHARBOT LK,SHARBOT LAKE
ONVERONA,VERONA
ONARMSTRONG,ARMSTRONG
ONGULL BAY,GULL BAY
ONNIPIGON,NIPIGON
ONCALABOGIE,CALABOGIE
ONARTHUR,ARTHUR
ONFERGUS,FERGUS
ONGRAND VLY,GRAND VALLEY
ONMOUNT FOR,MOUNT FOREST
ONATHENS,ATHENS
ONBROCKVILLE,BROCKVILLE
ONDELTA,DELTA
ONMCDONASCOR,MCDONALD'S CORNERS
ONPERTH,PERTH
ONPORTLAND,PORTLAND
ONTOLEDO,TOLEDO
ONATIKOKAN,ATIKOKAN
ONFLANDERS,FLANDERS
ONLAC CROIX,LAC LA CROIX
ONSAPAWE,SAPAWE
ONATTAWPISKT,ATTAWAPISKAT
ONATWOOD,ATWOOD
ONKITCHEWTRL,KITCHENER-WATERLOO
ONLINWOOD,LINWOOD
ONLISTOWEL,LISTOWEL
ONMILVERTON,MILVERTON
ONMONKTON,MONKTON
ONSTCLEMENTS,SAINT CLEMENTS
ONAUBURN,AUBURN
ONBLYTH,BLYTH
ONCLINTON,CLINTON
ONCLINTNIDNT,CLINTON INDEPENDENT
ONDUNGANNON,DUNGANNON
ONGODERICH,GODERICH
ONAURORA,AURORA
ONBETHESDA,BETHESDA
ONKING CITY,KING CITY
ONNEWMARKET,NEWMARKET
ONNOBLETON,NOBLETON
ONOAK RIDGES,OAK RIDGES
ONRICHMONDHL,RICHMOND HILL
ONSCHOMBERG,SCHOMBERG
ONTHORNHILL,THORNHILL
ONAVONMORE,AVONMORE
ONCRYSLER,CRYSLER
ONFINCH,FINCH
ONMOOSECREEK,MOOSE CREEK
ONAYLMER,AYLMER
ONBELMONT,BELMONT
ONHARRIETSVL,HARRIETSVILLE
ONPT BURWELL,PORT BURWELL
ONST THOMAS,SAINT THOMAS
ONSPARTA,SPARTA
ONSTRAFORDVL,STRAFFORDVILLE
ONAYR,AYR
ONDRUMBO,DRUMBO
ONNEW DUNDEE,NEW DUNDEE
ONPARIS,PARIS
ONPLATTSVL,PLATTSVILLE
ONAYTON,AYTON
ONCHATSWORTH,CHATSWORTH
ONCLIFFORD,CLIFFORD
ONDURHAM,DURHAM
ONHANOVER,HANOVER
ONHOLSTEIN,HOLSTEIN
ONNEUSTADT,NEUSTADT
ONOWEN SOUND,OWEN SOUND
ONAZILDA,AZILDA
ONBLEZARDVLY,BLEZARD VALLEY
ONCARTIER,CARTIER
ONCHELMSFORD,CHELMSFORD
ONLEVACK,LEVACK
ONLIVELY,LIVELY
ONCAPREOL,CAPREOL
ONCONISTON,CONISTON
ONGARSON,GARSON
ONHANMER,HANMER
ONMARKSTAY,MARKSTAY
ONWHITEFISH,WHITEFISH
ONBADEN,BADEN
ONNEWHAMBURG,NEW HAMBURG
ONSHAKESPERE,SHAKESPEARE
ONSTRATFORD,STRATFORD
ONTAVISTOCK,TAVISTOCK
ONWELLESLEY,WELLESLEY
ONBAILIEBORO,BAILIEBORO
ONMILLBROOK,MILLBROOK
ONBALA,BALA
ONBRACEBDG,BRACEBRIDGE
ONGRAVENHST,GRAVENHURST
ONPT CARLING,PORT CARLING
ONPORTSYDNEY,PORT SYDNEY
ONBALMERTOWN,BALMERTOWN
ONCOCHENOUR,COCHENOUR
ONMADSEN,MADSEN
ONRED LAKE,RED LAKE
ONBANCROFT,BANCROFT
ONCARDIFF,CARDIFF
ONCOE HILL,COE HILL
ONDENBIGH,DENBIGH
ONGILMOUR,GILMOUR
ONGOODERHAM,GOODERHAM
ONHALIBURTON,HALIBURTON
ONMAYNOOTH,MAYNOOTH
ONPALMER RPD,PALMER RAPIDS
ONPLEVNA,PLEVNA
ONWHITNEY,WHITNEY
ONWILBERFORC,WILBERFORCE
ONBLUEWATER,BLUEWATER
ONBRECHIN,BRECHIN
ONCHRISTINIS,CHRISTIAN ISLAND
ONCOLDWATER,COLDWATER
ONCOLLINGWD,COLLINGWOOD
ONELMVALE,ELMVALE
ONHONEYHRBOR,HONEY HARBOUR
ONLAFONTAINE,LAFONTAINE
ONLEFROY,LEFROY
ONMIDLAND,MIDLAND
ONMOONSTONE,MOONSTONE
ONORILLIA,ORILLIA
ONORO,ORO
ONPENETNGSHN,PENETANGUISHENE
ONPTMCNICOLL,PORT MCNICOLL
ONSEBRIGHT,SEBRIGHT
ONSEVERN BDG,SEVERN BRIDGE
ONSTAYNER,STAYNER
ONSTROUD,STROUD
ONWASAGA BCH,WASAGA BEACH
ONWAUBAUSHNE,WAUBAUSHENE
ONBARRYS BAY,BARRY'S BAY
ONEGANVILLE,EGANVILLE
ONGOLDENLAKE,GOLDEN LAKE
ONKILLALOE,KILLALOE
ONPEMBROKE,PEMBROKE
ONPEMBROIDNT,PEMBROKE INDEPENDENT
ONBARWICK,BARWICK
ONDEVLIN,DEVLIN
ONEMO,EMO
ONFT FRANCES,FORT FRANCES
ONMORSON,MORSON
ONNESTOR FLS,NESTOR FALLS
ONRAINYRIVER,RAINY RIVER
ONSTRATTON,STRATTON
ONBATCHAWNBY,BATCHAWANA BAY
ONGOULAIS,GOULAIS
ONSALTSTMARI,SAULT SAINTE MARIE
ONODESSA,ODESSA
ONBAYFIELD,BAYFIELD
ONHENSALL,HENSALL
ONHENSALIDNT,HENSALL INDEPENDENT
ONZURICH,ZURICH
ONBAYSVILLE,BAYSVILLE
ONBEACHBURG,BEACHBURG
ONCOBDEN,COBDEN
ONRENFREW,RENFREW
ONWESTMEATH,WESTMEATH
ONBEACHVILLE,BEACHVILLE
ONBURGESSVL,BURGESSVILLE
ONDORCHESTER,DORCHESTER
ONEASTWOOD,EASTWOOD
ONEMBRO,EMBRO
ONHICKSON,HICKSON
ONINGERSOLL,INGERSOLL
ONINNERKIP,INNERKIP
ONNORWIHIDNT,NORWICH INDEPENDENT
ONWOODSTOCK,WOODSTOCK
ONWODSTOIDNT,WOODSTOCK INDEPENDENT
ONBEAMSVILLE,BEAMSVILLE
ONGRIMSBY,GRIMSBY
ONSTCTNSTHLD,SAINT CATHARINES THOROLD
ONVINELAND,VINELAND
ONW LINCOLN,WEST LINCOLN
ONBEARSPSSAG,BEAR'S PASSAGE
ONMINECENTRE,MINE CENTRE
ONBEARDMORE,BEARDMORE
ONGERALDTON,GERALDTON
ONJELLICOE,JELLICOE
ONMACDIARMID,MACDIARMID
ONBEARSKINLK,BEARSKIN LAKE
ONBEAVERTON,BEAVERTON
ONCANNINGTON,CANNINGTON
ONKIRKFIELD,KIRKFIELD
ONLINDSAY,LINDSAY
ONOAKWOOD,OAKWOOD
ONPEFFERLAW,PEFFERLAW
ONSUNDERLAND,SUNDERLAND
ONWOODVILLE,WOODVILLE
ONBRADFORD,BRADFORD
ONKLEINBURG,KLEINBURG
ONWOODBRIDGE,WOODBRIDGE
ONBELLERIVER,BELLE RIVER
ONEMERYVILLE,EMERYVILLE
ONESSEX,ESSEX
ONPLEASANTPK,PLEASANT PARK
ONSTONEY PT,STONEY POINT
ONWOODSLEE,WOODSLEE
ONBELLEVILLE,BELLEVILLE
ONBLOOMFIELD,BLOOMFIELD
ONBRIGHTON,BRIGHTON
ONDESERONTO,DESERONTO
ONFRANKFORD,FRANKFORD
ONMADOC,MADOC
ONMARMORA,MARMORA
ONNORTHBROOK,NORTHBROOK
ONPICTON,PICTON
ONSTIRLING,STIRLING
ONTHURLOW,THURLOW
ONTRENTON,TRENTON
ONTWEED,TWEED
ONWELLINGTON,WELLINGTON
ONWOOLER,WOOLER
ONBETHANY,BETHANY
ONBLACKSTOCK,BLACKSTOCK
ONCAVAN,CAVAN
ONOMEMEE,OMEMEE
ONGORMLEY,GORMLEY
ONSTOUFFVL,STOUFFVILLE
ONUNIONVILLE,UNIONVILLE
ONBIGTROUTLK,BIG TROUT LAKE
ONDUNNVILLE,DUNNVILLE
ONBISCOTASNG,BISCOTASING
ONGOGAMA,GOGAMA
ONRAMSAY,RAMSAY
ONPORT PERRY,PORT PERRY
ONBLENHEIM,BLENHEIM
ONCHATHAM,CHATHAM
ONHIGHGATE,HIGHGATE
ONMERLIN,MERLIN
ONRIDGETOWN,RIDGETOWN
ONBRUSSELS,BRUSSELS
ONTEESWATER,TEESWATER
ONWINGHAM,WINGHAM
ONBOBCAYGEON,BOBCAYGEON
ONDUNSFORD,DUNSFORD
ONFENELONFLS,FENELON FALLS
ONBOLTON,BOLTON
ONBRAMPTON,BRAMPTON
ONCALEDON E,CALEDON EAST
ONCASTLEMORE,CASTLEMORE
ONMALTON,MALTON
ONPALGRAVE,PALGRAVE
ONSNELGROVE,SNELGROVE
ONBONFIELD,BONFIELD
ONCALLANDER,CALLANDER
ONDEUXRIVIRS,DEUX RIVIERES
ONMATTAWA,MATTAWA
ONNORTH BAY,NORTH BAY
ONTHAMESVL,THAMESVILLE
ONWARDSVILLE,WARDSVILLE
ONBOURGET,BOURGET
ONCLARENCCRK,CLARENCE CREEK
ONBOWMANVL,BOWMANVILLE
ONHAMPTON,HAMPTON
ONNEWCASTLE,NEWCASTLE
ONNEWTONVL,NEWTONVILLE
ONORONO,ORONO
ONMILFORDBAY,MILFORD BAY
ONWINDERMERE,WINDERMERE
ONCALEDON,CALEDON
ONCLARKSON,CLARKSON
ONCOOKSVILLE,COOKSVILLE
ONPORTCREDIT,PORT CREDIT
ONSTREETSVL,STREETSVILLE
ONVICTORIA,VICTORIA
ONBRANTFORD,BRANTFORD
ONBURFORD,BURFORD
ONDELHI,DELHI
ONMTPLEASANT,MOUNT PLEASANT
ONOHSWEKEN,OHSWEKEN
ONPORT DOVER,PORT DOVER
ONPORT ROWAN,PORT ROWAN
ONPRINCETON,PRINCETON
ONST GEORGE,SAINT GEORGE
ONSCOTLAND,SCOTLAND
ONSIMCOE,SIMCOE
ONWATERFORD,WATERFORD
ONBRESLAU,BRESLAU
ONHESPELER,HESPELER
ONPRESTON,PRESTON
ONST JACOBS,SAINT JACOBS
ONBRIDGENRTH,BRIDGENORTH
ONBRIGDEN,BRIGDEN
ONCORUNNA,CORUNNA
ONCOURTRIGHT,COURTRIGHT
ONOILSPRINGS,OIL SPRINGS
ONPETROLIA,PETROLIA
ONSOMBRA,SOMBRA
ONBRIGHT,BRIGHT
ONCOLBORNE,COLBORNE
ONBRITT,BRITT
ONNOBEL,NOBEL
ONPARRYSOUND,PARRY SOUND
ONPTAU BARIL,POINTE AU BARIL
ONCARDINAL,CARDINAL
ONIROQUOIS,IROQUOIS
ONMAITLAND,MAITLAND
ONMALLORYTN,MALLORYTOWN
ONNO AUGUSTA,NORTH AUGUSTA
ONPRESCOTT,PRESCOTT
ONSPENCERVL,SPENCERVILLE
ONBROWNSVL,BROWNSVILLE
ONTILLSONBG,TILLSONBURG
ONBRUCEMINES,BRUCE MINES
ONDESBARATS,DESBARATS
ONECHO BAY,ECHO BAY
ONOPHIR,OPHIR
ONTHESSALON,THESSALON
ONGORRIE,GORRIE
ONBUCKHORN,BUCKHORN
ONNORWICH,NORWICH
ONBURKSFALLS,BURK'S FALLS
ONEMSDALE,EMSDALE
ONMAGNETAWAN,MAGNETAWAN
ONSOUTHRIVER,SOUTH RIVER
ONSUNDRIDGE,SUNDRIDGE
ONBURLINGTON,BURLINGTON
ONOAKVILLE,OAKVILLE
ONERIN,ERIN
ONORANGEVL,ORANGEVILLE
ONCALEDONIA,CALEDONIA
ONCAYUGA,CAYUGA
ONFISHERVL,FISHERVILLE
ONHAGERSVL,HAGERSVILLE
ONJARVIS,JARVIS
ONSELKIRK,SELKIRK
ONPORTLORING,PORT LORING
ONPOWASSAN,POWASSAN
ONRESTOULE,RESTOULE
ONTROUTCREEK,TROUT CREEK
ONCALSTOCK,CALSTOCK
ONCAMBRAY,CAMBRAY
ONCAMERON,CAMERON
ONCOBOCONK,COBOCONK
ONKINMOUNT,KINMOUNT
ONMINDEN,MINDEN
ONCAMPBELLFD,CAMPBELLFORD
ONHASTINGS,HASTINGS
ONHAVELOCK,HAVELOCK
ONKEENE,KEENE
ONNORWOOD,NORWOOD
ONWARKWORTH,WARKWORTH
ONCARAMAT,CARAMAT
ONLONGLAC,LONGLAC
ONCARGILL,CARGILL
ONCHESLEY,CHESLEY
ONPAISLEY,PAISLEY
ONTARA,TARA
ONWALKERTON,WALKERTON
ONLANARK,LANARK
ONCARNARVON,CARNARVON
ONDORSET,DORSET
ONW GUILFORD,WEST GUILFORD
ONCASSELMAN,CASSELMAN
ONST ISIDORE,SAINT ISIDORE
ONCASTLETON,CASTLETON
ONCOBOURG,COBOURG
ONGRAFTON,GRAFTON
ONROSENEATH,ROSENEATH
ONCAT LAKE,CAT LAKE
ONCENTRALIA,CENTRALIA
ONCREDITON,CREDITON
ONDASHWOOD,DASHWOOD
ONEXETER,EXETER
ONGRAND BEND,GRAND BEND
ONSEAFOHIDNT,SEAFORTH INDEPENDENT
ONCHALKRIVER,CHALK RIVER
ONDEEP RIVER,DEEP RIVER
ONPETAWAWA,PETAWAWA
ONROLPHTON,ROLPHTON
ONCHAPLEAU,CHAPLEAU
ONFOLEYET,FOLEYET
ONPINEALLAKE,PINEAL LAKE
ONSULTAN,SULTAN
ONDRESDEN,DRESDEN
ONPT LAMBTON,PORT LAMBTON
ONTILBURY,TILBURY
ONWALLACEBG,WALLACEBURG
ONDUNDALK,DUNDALK
ONFEVERSHAM,FEVERSHAM
ONFLESHERTON,FLESHERTON
ONMARKDALE,MARKDALE
ONMEAFORD,MEAFORD
ONMILDMAY,MILDMAY
ONCHESTERVL,CHESTERVILLE
ONUXBRIDGE,UXBRIDGE
ONROCKLAND,ROCKLAND
ONCLEARWTRBY,CLEARWATER BAY
ONKEEWATIN,KEEWATIN
ONKENORA,KENORA
ONMCKNZIPRTG,MCKENZIE PORTAGE
ONDRAYTON,DRAYTON
ONELMIRA,ELMIRA
ONHARRISTON,HARRISTON
ONPALMERSTON,PALMERSTON
ONSEAFORTH,SEAFORTH
ONCLOUD BAY,CLOUD BAY
ONTHUNDERBAY,THUNDER BAY
ONCOBALT,COBALT
ONEARLTON,EARLTON
ONHAILEYBURY,HAILEYBURY
ONLATCHFORD,LATCHFORD
ONNEWLISKERD,NEW LISKEARD
ONCOLD SPG,COLD SPRINGS
ONGARDENHILL,GARDEN HILL
ONPORT HOPE,PORT HOPE
ONWELCOME,WELCOME
ONCOCHRANE,COCHRANE
ONTHORNBURY,THORNBURY
ONCOMBER,COMBER
ONLEAMINGTON,LEAMINGTON
ONST CHARLES,SAINT CHARLES
ONWARREN,WARREN
ONCONNAUGHT,CONNAUGHT
ONKAMISKOTIA,KAMISKOTIA
ONSOPORCUPIN,SOUTH PORCUPINE
ONTIMMINS,TIMMINS
ONINGLESIDE,INGLESIDE
ONLONG SAULT,LONG SAULT
ONMARTINTOWN,MARTINTOWN
ONMORRISBURG,MORRISBURG
PQST REGIS,SAINT-REGIS
ONCOTTAM,COTTAM
ONKINGSVILLE,KINGSVILLE
ONPELEE IS,PELEE ISLAND
ONWHEATLEY,WHEATLEY
ONDEER LAKE,DEER LAKE
ONLANGTON,LANGTON
ONOTTERVILLE,OTTERVILLE
ONSTJOSEPHIS,SAINT JOSEPH ISLAND
ONDOKIS,DOKIS
ONSTURGENFLS,STURGEON FALLS
ONVERNER,VERNER
ONTHAMESFORD,THAMESFORD
ONTHORNDALE,THORNDALE
ONDORION,DORION
ONRED ROCK,RED ROCK
ONDOUGLAS,DOUGLAS
ONDRYDEN,DRYDEN
ONEAGLERIVER,EAGLE RIVER
ONHUDSON,HUDSON
ONIGNACE,IGNACE
ONOXDRIFT,OXDRIFT
ONPERRALTFLS,PERRAULT FALLS
ONSIOUXLOKOT,SIOUX LOOKOUT
ONVERMILINBY,VERMILION BAY
ONWABIGOON,WABIGOON
ONDUBLIN,DUBLIN
ONGRANTON,GRANTON
ONKIRKTON,KIRKTON
ONMITCHELL,MITCHELL
ONDUBREUILVL,DUBREUILVILLE
ONWAWA,WAWA
ONKINCARDINE,KINCARDINE
ONLUCKNOW,LUCKNOW
ONRIPLEY,RIPLEY
ONDUTTON,DUTTON
ONFINGAL,FINGAL
ONRODNEY,RODNEY
ONSHEDDEN,SHEDDEN
ONWEST LORNE,WEST LORNE
ONDYER BAY,DYER BAY
ONHEPWORTH,HEPWORTH
ONLIONS HEAD,LIONS HEAD
ONSTOKES BAY,STOKES BAY
ONTOBERMORY,TOBERMORY
ONWIARTON,WIARTON
ONEAR FALLS,EAR FALLS
ONFOYMOUNT,FOYMOUNT
ONELGIN,ELGIN
ONSEELEYSBAY,SEELEY'S BAY
ONWESTPORT,WESTPORT
ONELK LAKE,ELK LAKE
ONMASSEY,MASSEY
ONSPANISH,SPANISH
ONELORA,ELORA
ONKINTORE,KINTORE
ONSPRUCEDALE,SPRUCEDALE
ONENGLEHART,ENGLEHART
ONENTERPRISE,ENTERPRISE
ONYARKER,YARKER
ONHILLSBURGH,HILLSBURGH
ONESPANOLA,ESPANOLA
ONWHITESHFLS,WHITEFISH FALLS
ONKILLARNEY,KILLARNEY
ONFAUQUIER,FAUQUIER
ONFIELD,FIELD
ONPT STANLEY,PORT STANLEY
ONTHEDFORD,THEDFORD
ONFORTALBANY,FORT ALBANY
ONKASHECHWAN,KASHECHEWAN
ONFORT ERIE,FORT ERIE
ONNIAGARAFLS,NIAGARA FALLS
ONRIDGEWAY,RIDGEWAY
ONSTEVENSVL,STEVENSVILLE
ONFORT HOPE,FORT HOPE
ONFORTSEVERN,FORT SEVERN
ONGANANOQUE,GANANOQUE
ONLANSDOWNE,LANSDOWNE
ONNAKINA,NAKINA
ONMELBOURNE,MELBOURNE
ONSOUTH MT,SOUTH MOUNTAIN
ONWILLIAMSBG,WILLIAMSBURG
ONWESTREE,WESTREE
ONGORE BAY,GORE BAY
ONLTLCURRENT,LITTLE CURRENT
ONMINDEMOYA,MINDEMOYA
ONSILVERWTR,SILVERWATER
ONSEARCHMONT,SEARCHMONT
ONGOWGANDA,GOWGANDA
ONPORTFRANKS,PORT FRANKS
ONST MARYS,SAINT MARYS
ONSEBRINGVL,SEBRINGVILLE
ONUNIONDALE,UNIONDALE
ONGRASSYNRWS,GRASSY NARROWS
ONJAFRAYMLCK,JAFFRAY MELICK
ONMABERLY,MABERLY
ONSYDENHAM,SYDENHAM
ONHAWK JCT,HAWK JUNCTION
ONMISSANABIE,MISSANABIE
ONHEARST,HEARST
ONHEMLO,HEMLO
ONHORNEPAYNE,HORNEPAYNE
ONMANITOUWDG,MANITOUWADGE
ONMARATHON,MARATHON
ONWHITERIVER,WHITE RIVER
ONSAUBLE BCH,SAUBLE BEACH
ONINVERARY,INVERARY
ONIROQSFLSNT,IROQUOIS FALLS NT
ONMINAKI,MINAKI
ONREDDITT,REDDITT
ONSIOUX NRWS,SIOUX NARROWS
ONWHITEDOG,WHITEDOG
ONKAMINSTQUI,KAMINISTIQUIA
ONRAITH,RAITH
ONSHEBANDOWN,SHEBANDOWAN
ONUPSALA,UPSALA
ONKAPUSKASNG,KAPUSKASING
ONMOONBEAM,MOONBEAM
ONKASABONIKA,KASABONIKA
ONKESWICK,KESWICK
ONQUEENSVL,QUEENSVILLE
ONSUTTON,SUTTON
ONPORT ELGIN,PORT ELGIN
ONTIVERTON,TIVERTON
ONMAPLE,MAPLE
ONKINGFIHRLK,KINGFISHER LAKE
ONWUNNUMMNLK,WUNNUMMIN LAKE
ONNEWBURGH,NEWBURGH
ONSELBY,SELBY
ONTAMWORTH,TAMWORTH
ONWOLFE IS,WOLFE ISLAND
ONKIRKLANDLK,KIRKLAND LAKE
ONSWASTIKA,SWASTIKA
ONNEPHTON,NEPHTON
PQRIVBEAUDET,RIVIERE-BEAUDETTE
ONLANSDOWNHS,LANSDOWNE HOUSE
ONLARDERLAKE,LARDER LAKE
ONLTLBRITAIN,LITTLE BRITAIN
ONMANITOWNNG,MANITOWANING
ONMACTIER,MACTIER
ONOTTER LAKE,OTTER LAKE
ONSCHREIBER,SCHREIBER
ONTERRACEBAY,TERRACE BAY
ONMARTEN RIV,MARTEN RIVER
ONMATACHEWAN,MATACHEWAN
ONMATHESON,MATHESON
ONMATTICE,MATTICE
ONMCKELLAR,MCKELLAR
ONMOOSEFCTRY,MOOSE FACTORY
ONMOOSONEE,MOOSONEE
ONMT ALBERT,MOUNT ALBERT
ONUDORA,UDORA
ONMUSKRATDAM,MUSKRAT DAM
ONWEAGAMOW,WEAGAMOW
ONNIGARAONLK,NIAGARA ON THE LAKE
ONPTROBINSON,PORT ROBINSON
ONREDBRIDGE,REDBRIDGE
PQTEMISCAMNG,TEMISCAMING
ONTHORNE,THORNE
ONOBA,OBA
ONOGOKI,OGOKI
ONOPASATIKA,OPASATIKA
PQGATINEAU,GATINEAU
PQAYLMER,AYLMER
PQBUCKINGHAM,BUCKINGHAM
PQCHELSEA,CHELSEA
PQKAZABAZUA,KAZABAZUA
PQLOW,LOW
PQLUSKVILLE,LUSKVILLE
PQMONTEBELLO,MONTEBELLO
PQNTRDMSALTT,NOTRE-DAME-DE-LA-SALETTE
PQPAPINEAUVL,PAPINEAUVILLE
PQPERKINS,PERKINS
PQQUYON,QUYON
PQSTANDRAVLN,SAINT-ANDRE-AVELLIN
PQSTPRRWKFLD,SAINT-PIERRE-DE-WAKEFIELD
PQSHAWVILLE,SHAWVILLE
PQTHURSO,THURSO
PQVAL BOIS,VAL-DES-BOIS
PQWAKEFIELD,WAKEFIELD
ONROSSEAU,ROSSEAU
ONSOUTHAMPTN,SOUTHAMPTON
ONPASS LAKE,PASS LAKE
ONPEAWANUCK,PEAWANUCK
ONPELHAM,PELHAM
ONPTCOLBORNE,PORT COLBORNE
ONWAINFLEET,WAINFLEET
ONWELLAND,WELLAND
ONWELLANDPT,WELLANDPORT
PQCHAPEAU,CHAPEAU
PQFTCOULONGE,FORT-COULONGE
ONPICKLELAKE,PICKLE LAKE
ONPIKANGIKUM,PIKANGIKUM
ONPPLRHLKNRA,POPLAR HILL (KENORA)
MNBAUDETTE,BAUDETTE [MN]
ONRAMORE,RAMORE
ONSACHIGO LK,SACHIGO LAKE
ONSANDY LAKE,SANDY LAKE
ONSAVANTLAKE,SAVANT LAKE
ONSMOTHRKFLS,SMOOTH ROCK FALLS
ONSUMMERBVER,SUMMER BEAVER
ONTEMAGAMI,TEMAGAMI
ONVIRGINIATN,VIRGINIATOWN
ONWEBEQUIE,WEBEQUIE
PEALBERTON,ALBERTON
PEO LEARY,O'LEARY
PETIGNISH,TIGNISH
PEBEDEQUE,BEDEQUE
PEBORDEN,BORDEN
PECRAPAUD,CRAPAUD
PEHUNTER RIV,HUNTER RIVER
PEKENSINGTON,KENSINGTON
PENEW LONDON,NEW LONDON
PESUMMERSIDE,SUMMERSIDE
PECARDIGAN,CARDIGAN
PEGEORGETOWN,GEORGETOWN
PEMONTAGUE,MONTAGUE
PEMRLLSTPTRS,MORELL SAINT PETERS
PEMT STEWART,MOUNT STEWART
PESOURIS,SOURIS
PESOUTH LAKE,SOUTH LAKE
PEVERNON RIV,VERNON RIVER
PECHARLOTTTN,CHARLOTTETOWN
PECOVEHEAD,COVEHEAD
PEELDON,ELDON
PENEW HAVEN,NEW HAVEN
PERUSTICOVL,RUSTICOVILLE
PEMURRAY RIV,MURRAY RIVER
PETYNEVALLEY,TYNE VALLEY
PEWELLINGTON,WELLINGTON
PQACTON VALE,ACTON VALE
PQROXTON FLS,ROXTON FALLS
PQSTHYACINTH,SAINT-HYACINTHE
PQST LIBOIRE,SAINT-LIBOIRE
PQSTNAZARCTN,SAINT-NAZAIRE-D'ACTON
PQST ROSALIE,SAINTE-ROSALIE
PQSO DURHAM,SOUTH DURHAM
PQUPTON,UPTON
PQAGUANISH,AGUANISH
PQBAJOHNBETZ,BAIE-JOHAN-BEETZ
PQNATASHQUAN,NATASHQUAN
PQAKULIVIK,AKULIVIK
PQALBANEL,ALBANEL
PQDOLBEAU,DOLBEAU
PQGIRARDVL,GIRARDVILLE
PQNORMANDIN,NORMANDIN
PQROBERVAL,ROBERVAL
PQSTFELICIEN,SAINT-FELICIEN
PQST PRIME,SAINT-PRIME
PQALMA,ALMA
PQCHAMBORD,CHAMBORD
PQCHICOUTIMI,CHICOUTIMI
PQDELISLE,DELISLE
PQDESBIENS,DESBIENS
PQHEBERTVL,HEBERTVILLE
PQHEBETVLSTA,HEBERTVILLE STATION
PQJONQUIERE,JONQUIERE
PQMETABTCHON,METABETCHOUAN
PQMILOT,MILOT
PQSTAMRSCHTM,SAINT-AMBROISE-DE-CHICOUTIMI
PQST GEDEON,SAINT-GEDEON
PQAMOS,AMOS
PQBARRAUTE,BARRAUTE
PQCADILLAC,CADILLAC
PQLA CORNE,LA CORNE
PQRIV HEVA,RIVIERE-HEVA
PQROCHEBAUCT,ROCHEBAUCOURT
PQTASCHEREAU,TASCHEREAU
PQAMQUI,AMQUI
PQCAUSAPSCAL,CAUSAPSCAL
PQLCAUSAUMON,LAC-AU-SAUMON
PQSTLENLGRND,SAINT-LEON-LE-GRAND
PQST MOISE,SAINT-MOISE
PQSAYABEC,SAYABEC
PQVALBRILLNT,VAL-BRILLANT
PQANGLIERS,ANGLIERS
PQLAVERLOCHR,LAVERLOCHERE
PQLORRAINVL,LORRAINVILLE
PQNTRDAMDNRD,NOTRE-DAME-DU-NORD
PQSTEGNGUGUS,SAINT-EUGENE-DE-GUIGUES
PQVILLEMARIE,VILLE MARIE
PQARMAGH,ARMAGH
PQLEVIS,LEVIS
PQQUEBEC,QUEBEC
PQSTDMNBCKLD,SAINT-DAMIEN-DE-BUCKLAND
PQSTPLMNTMNY,SAINT-PAUL-DE-MONTMINY
PQSTRPLBLCHS,SAINT-RAPHAEL-DE-BELLECHASSE
PQARTHABASKA,ARTHABASKA
PQCHESTERVL,CHESTERVILLE
PQDAVELUYVL,DAVELUYVILLE
PQHAM NORD,HAM-NORD
PQKINGSEYFLS,KINGSEY FALLS
PQMANSEAU,MANSEAU
PQNORBERTVL,NORBERTVILLE
PQPLESSISVL,PLESSISVILLE
PQPRINCEVL,PRINCEVILLE
PQST ALBERT,SAINT-ALBERT
PQST EULALIE,SAINTE-EULALIE
PQTINGWICK,TINGWICK
PQVICTORIAVL,VICTORIAVILLE
PQWARWICK,WARWICK
PQARUNDEL,ARUNDEL
PQST JOVITE,SAINT-JOVITE
PQASBESTOS,ASBESTOS
PQBROMPTONVL,BROMPTONVILLE
PQDANVILLE,DANVILLE
PQSHERBROOKE,SHERBROOKE
PQWINDSOR,WINDSOR
PQWOTTON,WOTTON
PQASTON JCT,ASTON-JONCTION
PQSTCELESTIN,SAINT-CELESTIN
PQSTLNDDASTN,SAINT-LEONARD-D'ASTON
PQST SYLVERE,SAINT-SYLVERE
PQSTWNCESLAS,SAINT-WENCESLAS
PQTROISRVIRS,TROIS-RIVIERES
PQAUPALUK,AUPALUK
PQAYERSCLIFF,AYER'S CLIFF
PQCOATICOOK,COATICOOK
PQMAGOG,MAGOG
PQNO HATLEY,NORTH HATLEY
PQROCKISLAND,ROCK ISLAND
PQBAIECOMEAU,BAIE-COMEAU
PQBAIETRINIT,BAIE-TRINITE
PQCHTAXOTRDS,CHUTE-AUX-OUTARDES
PQGODBOUT,GODBOUT
PQHAUTERIVE,HAUTERIVE
PQBAIESABLES,BAIE-DES-SABLES
PQLES BOULES,LES BOULES
PQMATANE,MATANE
PQMONT JOLI,MONT-JOLI
PQRIMOUSKI,RIMOUSKI
PQST ULRIC,SAINT-ULRIC
PQBAIDFEBVRE,BAIE-DU-FEBVRE
PQDRUMMONDVL,DRUMMONDVILLE
PQNICOLET,NICOLET
PQPIERREVL,PIERREVILLE
PQSTZEPHIRIN,SAINT-ZEPHIRIN
PQHVRSTPIRRE,HAVRE-SAINT-PIERRE
PQBAIESTPAUL,BAIE-SAINT-PAUL
PQCLERMONT,CLERMONT (CHARLEVOIX)
PQILAXCOUDRS,ILE-AUX-COUDRES
PQLA MALBAIE,LA MALBAIE
PQLESEBLMNTS,LES EBOULEMENTS
PQPTRVSTFRCS,PETITE-RIVIERE-SAINT-FRANCOIS
PQSTHILARION,SAINT-HILARION
PQST URBAIN,SAINT-URBAIN
PQBSTCATHRIN,BAIE-SAINTE-CATHERINE
PQST-FIDELE,SAINT-FIDELE
PQST-SIMEON,SAINT-SIMEON
PQTADOUSSAC,TADOUSSAC
PQBARACHOIS,BARACHOIS
PQGASPE,GASPE
PQPERCE,PERCE
PQSENNETERRE,SENNETERRE
PQVAL D OR,VAL-D'OR
PQBATISCAN,BATISCAN
PQCHAMPLAIN,CHAMPLAIN
PQSTSTLSCHLN,SAINT-STANISLAS-DE-CHAMPLAIN
PQSTANPERADE,SAINTE-ANNE-DE-LA-PERADE
PQBEARNTCMNG,BEARN (TEMISCAMING)
PQFABRE,FABRE
PQBEAUCANTON,BEAUCANTON
PQLA SARRE,LA SARRE
PQNORMETAL,NORMETAL
PQBEAUCEVL,BEAUCEVILLE
PQSTEPHRMBCE,SAINT-EPHREM-DE-BEAUCE
PQSTGRGSBECE,SAINT-GEORGES-DE-BEAUCE
PQSTJSPHBECE,SAINT-JOSEPH-DE-BEAUCE
PQSTODNCRBRN,SAINT-ODILON-DE-CRANBOURNE
PQSTVCTRBECE,SAINT-VICTOR-DE-BEAUCE
PQBEAUHARNOS,BEAUHARNOIS
PQCHATEAGUAY,CHATEAUGUAY
PQMONTREAL,MONTREAL
PQVALLEYFLD,VALLEYFIELD
PQSTEMARTINE,SAINTE-MARTINE
PQBECANCOUR,BECANCOUR
PQGENTILLY,GENTILLY
PQSTGRGRNCLT,SAINT-GREGOIRE-DE-NICOLET
PQSTANGLLVAL,SAINTE-ANGELE-DE-LAVAL
PQSTGRRDNCLT,SAINTE-GERTRUDE (NICOLET)
PQBEDFORD,BEDFORD
PQDUNHAM,DUNHAM
PQFARNHAM,FARNHAM
PQFRELIGHSBG,FRELIGHSBURG
PQHENRYVILLE,HENRYVILLE
PQNTDMSTNBDG,NOTRE-DAME-DE-STANBRIDGE
PQST JEAN,SAINT-JEAN
PQBELLETERRE,BELLETERRE
PQLATULIPE,LATULIPE
PQBELOEIL,BELOEIL
PQBOUCHERVL,BOUCHERVILLE
PQLONGUEUIL,LONGUEUIL
PQMARIEVILLE,MARIEVILLE
PQST BRUNO,SAINT-BRUNO
PQST LAMBERT,SAINT-LAMBERT
PQST-MARC,SAINT-MARC
PQSTJLVRCHRS,SAINTE-JULIE-DE-VERCHERES
PQSTMADLLINE,SAINTE-MADELEINE
PQBERGERONNS,BERGERONNES
PQESCOUMINS,LES ESCOUMINS
PQSACRECOEUR,SACRE-COEUR
PQBERTHIERVL,BERTHIERVILLE
PQJOLIETTE,JOLIETTE
PQLANORAIE,LANORAIE
PQSTBARTHLMY,SAINT-BARTHELEMY
PQSTFLXVLOIS,SAINT-FELIX-DE-VALOIS
PQSTGBLBRNDN,SAINT-GABRIEL-DE-BRANDON
PQBIC,BIC
PQSTFBNRMOSK,SAINT-FABIEN-DE-RIMOUSKI
PQSTBLANDINE,SAINTE-BLANDINE
PQBIENCOURT,BIENCOURT
PQCABANO,CABANO
PQESPRIT ST,ESPRIT-SAINT
PQRIVDU LOUP,RIVIERE-DU-LOUP
PQSTHNRTMSCT,SAINT-HONORE (TEMISCOUATA)
PQSQUATEC,SQUATEC
PQBISHOPTON,BISHOPTON
PQEAST ANGUS,EAST ANGUS
PQSTADPHDSWL,SAINT-ADOLPHE-DE-DUDSWELL
PQSTRATFORD,STRATFORD
PQWEEDON,WEEDON
PQDEAUVILLE,DEAUVILLE
PQSTOKE,STOKE
PQWATERVILLE,WATERVILLE
PQBLACK LAKE,BLACK LAKE
PQDISRAELI,DISRAELI
PQGARTHBY,GARTHBY
PQSTFRNDDHLX,SAINT-FERDINAND D'HALIFAX
PQTHETFDMINS,THETFORD MINES
PQBLANCSBLON,BLANC-SABLON
PQBONNEEPRNC,BONNE-ESPERANCE
PQBOISCHATEL,BOISCHATEL
PQCHATEARCHR,CHATEAU-RICHER
PQLORETTEVL,LORETTEVILLE
PQST FEREOL,SAINT-FEREOL
PQSTJNILDORS,SAINT-JEAN-ILE-D'ORLEANS
PQSTTITECAPS,SAINT-TITE-DES-CAPS
PQSTANNBEPRE,SAINTE-ANNE-DE-BEAUPRE
PQSTBRGTTLVL,SAINTE-BRIGITTE-DE-LAVAL
PQSTPTRONILL,SAINTE-PETRONILLE
PQBONAVNTURE,BONAVENTURE
PQCAPLAN,CAPLAN
PQMARIA,MARIA
PQNEWCARLISL,NEW CARLISLE
PQNEWRICHMND,NEW RICHMOND
PQCONTRECOER,CONTRECOEUR
PQLAPRAIRIE,LAPRAIRIE
PQSTCONSTANT,SAINT-CONSTANT
PQST DENIS,SAINT-DENIS
PQVARENNES,VARENNES
PQVERCHERES,VERCHERES
PQBOUCHETTE,BOUCHETTE
PQGRACEFIELD,GRACEFIELD
PQMANIWAKI,MANIWAKI
PQBROMONT,BROMONT
PQCOWANSVL,COWANSVILLE
PQGRANBY,GRANBY
PQKNOWLTON,KNOWLTON
PQST CESAIRE,SAINT-CESAIRE
PQSTPLABTSFD,SAINT-PAUL-D'ABBOTSFORD
PQWATERLOO,WATERLOO
PQRICHMOND,RICHMOND
PQVALCOURT,VALCOURT
PQBROWNSBURG,BROWNSBURG
PQLACHUTE,LACHUTE
PQST JEROME,SAINT-JEROME
PQBURY,BURY
PQCOOKSHIRE,COOKSHIRE
PQSCOTSTOWN,SCOTSTOWN
PQNOTRDAMDLC,NOTRE-DAME-DU-LAC
PQRIV BLEUE,RIVIERE-BLEUE
PQVL DEGELIS,VILLE DEGELIS
PQMALARTIC,MALARTIC
PQNORANDA,NORANDA
PQCAMPBELSBY,CAMPBELL'S BAY
PQCPXMLLMDLN,CAP-AU-MEULES (ILES-DE-LA-MADELEINE)
PQGRDRLSMDLN,GRANDE-ENTREE (ILES-DE-LA-MADELEINE)
PQHVRBLSMDLN,HAVRE-AUBERT (ILES-DE-LA-MADELEINE)
PQHVXMSLMDLN,HAVRE-AUX-MAISONS (ILES-DE-LA-MADELEINE)
PQCAP CHAT,CAP-CHAT
PQLESMECHINS,LES MECHINS
PQSTANNMONTS,SAINTE-ANNE-DES-MONTS
PQCAPROSIERS,CAP-DES-ROSIERS
PQRVAURENARD,RIVIERE-AU-RENARD
PQCPSTIGNACE,CAP-SAINT-IGNACE
PQL ISLET,L'ISLET
PQMONTMAGNY,MONTMAGNY
PQCARLETON,CARLETON
PQNOUVELLE,NOUVELLE
PQCHAMBLY,CHAMBLY
PQLACBOUCHTT,LAC-BOUCHETTE
PQCHANDLER,CHANDLER
PQGRANDE RIV,GRANDE-RIVIERE
PQNEWPORT,NEWPORT
PQPORTDANIEL,PORT-DANIEL
PQCHAPAIS,CHAPAIS
PQCHIBOUGMAU,CHIBOUGAMAU
PQCHARETTE,CHARETTE
PQSTALXSMNTS,SAINT-ALEXIS-DES-MONTS
PQST BARNABE,SAINT-BARNABE
PQST PAULIN,SAINT-PAULIN
PQSHAWINIGAN,SHAWINIGAN
PQYAMACHICHE,YAMACHICHE
PQCHARNY,CHARNY
PQSTANTNTLLY,SAINT-ANTOINE-DE-TILLY
PQSTAGTNDSRS,SAINT-AUGUSTIN-DE-DESMAURES
PQSTLMBRTLZN,SAINT-LAMBERT-DE-LAUZON
PQST NICOLAS,SAINT-NICOLAS
PQCHARTIERVL,CHARTIERVILLE
PQLA PATRIE,LA PATRIE
PQSAWYERVL,SAWYERVILLE
PQHOWICK,HOWICK
PQLACHINE,LACHINE
PQPT CLAIRE,POINTE-CLAIRE
PQST REMI,SAINT-REMI
PQCHENEVILLE,CHENEVILLE
PQSTEMLSFFLK,SAINT-EMILE-DE-SUFFOLK
PQCHEVERY,CHEVERY
PQHARITNHRBR,HARRINGTON HARBOUR
PQMUTTON BAY,MUTTON BAY
PQTETEBALENE,TETE-A-LA-BALEINE
PQFERLAND,FERLAND
PQANSESTJEAN,L'ANSE-SAINT-JEAN
PQLBCHCOUTMI,LA BAIE (CHICOUTIMI)
PQLATERRIERE,LATERRIERE
PQSTFULGENCE,SAINT-FULGENCE
PQSTHNRCHCTM,SAINT-HONORE (CHICOUTIMI)
PQSTROSDNORD,SAINTE-ROSE-DU-NORD
PQCHISASIBI,CHISASIBI
PQCHOMEDEY,CHOMEDEY
PQLAVAL EST,LAVAL EST
PQLAVALOUEST,LAVAL OUEST
PQMASCOUCHE,MASCOUCHE
PQMIRABLARPT,MIRABEL AEROPORT
PQMRLSTAGSTN,MIRABEL: SAINT-AUGUSTIN
PQPONT VIAU,PONT-VIAU
PQROXBORO,ROXBORO
PQSTEUSTACHE,SAINT-EUSTACHE
PQSTVNCNTPAL,SAINT-VINCENT-DE-PAUL
PQSTANNPLANS,SAINTE-ANNE-DES-PLAINES
PQSTE ROSE,SAINTE-ROSE
PQST THERESE,SAINTE-THERESE
PQTERREBONNE,TERREBONNE
PQCHUTEPASSS,CHUTE-DES-PASSES
PQCLARENCEVL,CLARENCEVILLE
PQLACOLLE,LACOLLE
PQST BLAISE,SAINT-BLAISE
PQCLARKECITY,CLARKE CITY
PQMOISIE,MOISIE
PQPT CARTIER,PORT-CARTIER
PQSEPT ILES,SEPT-ILES
PQCLERICY,CLERICY
PQST IRENEE,SAINT-IRENEE
PQCLORIDORME,CLORIDORME
PQGRANDEVALL,GRANDE-VALLEE
PQCLOVA,CLOVA
PQCOMPTON,COMPTON
PQE HEREFORD,EAST HEREFORD
PQST MALO,SAINT-MALO
PQCOLOMBIER,COLOMBIER
PQFORESTVL,FORESTVILLE
PQST OURS,SAINT-OURS
PQSOREL,SOREL
PQCOTEAU LDG,COTEAU LANDING
PQCOTEUDULAC,COTEAU-DU-LAC
PQLES CEDRES,LES CEDRES
PQST CLET,SAINT-CLET
PQSTPOLYCARP,SAINT-POLYCARPE
PQSTJSTNNWTN,SAINTE-JUSTINE-DE-NEWTON
PQSTE MARTHE,SAINTE-MARTHE
PQCOURCELLES,COURCELLES
PQLAGUADLOUP,LA GUADELOUPE
PQLAC DROLET,LAC-DROLET
PQLACMGANTIC,LAC-MEGANTIC
PQLAMBTON,LAMBTON
PQNANTES,NANTES
PQSSBSNFRNNC,SAINT-SEBASTIEN (FRONTENAC)
PQSUTTON,SUTTON
PQCRABTREE,CRABTREE
PQRAWDON,RAWDON
PQST JACQUES,SAINT-JACQUES
PQSTJULIENNE,SAINTE-JULIENNE
PQSTMRBLNDFD,SAINTE-MARIE-DE-BLANDFORD
PQEASTMAN,EASTMAN
PQMANSONVL,MANSONVILLE
PQDESCHALLNS,DESCHAILLONS
PQFORTIERVL,FORTIERVILLE
PQSTEDDLTBNR,SAINT-EDOUARD-DE-LOTBINIERE
PQSTPRLSBCTS,SAINT-PIERRE-LES-BECQUETS
PQSTSPHLVRRD,SAINTE-SOPHIE-DE-LEVRARD
PQPERIBONKA,PERIBONKA
PQDONNACONA,DONNACONA
PQNEUVILLE,NEUVILLE
PQPONT ROUGE,PONT-ROUGE
PQPORTNEUF,PORTNEUF
PQSTBSLPRTNF,SAINT-BASILE-DE-PORTNEUF
PQSTMRCCRRRS,SAINT-MARC-DES-CARRIERES
PQST RAYMOND,SAINT-RAYMOND
PQL AVENIR,L'AVENIR
PQNTDMDBNCNL,NOTRE-DAME-DU-BON-CONSEIL
PQSTCYLWNDVR,SAINT-CYRILLE-DE-WENDOVER
PQSTFLXKNGSY,SAINT-FELIX-DE-KINGSEY
PQSTGRNGRTHM,SAINT-GERMAIN-DE-GRANTHAM
PQSTGUILLAUM,SAINT-GUILLAUME
PQSTPIEGUIRE,SAINT-PIE-DE-GUIRE
PQWICKHAM,WICKHAM
PQDUBUISSON,DUBUISSON
PQDUPARQUET,DUPARQUET
PQPALMAROLLE,PALMAROLLE
PQDUPUY,DUPUY
PQLA REINE,LA REINE
PQEBROUGHTON,EAST BROUGHTON
PQLEEDS,LEEDS
PQTRINGJNCTN,TRING-JONCTION
PQEASTMAIN,EASTMAIN
PQEASTMAIN 1,EASTMAIN 1
PQFERMENEUVE,FERME-NEUVE
PQLACECORCES,LAC-DES-ECORCES
PQMONTLAURIR,MONT-LAURIER
PQSTANNDULAC,SAINTE-ANNE-DU-LAC
PQFERMONT,FERMONT
PQSTANNPRTNF,SAINTE-ANNE-DE-PORTNEUF
PQSALTAMOUTN,SAULT-AU-MOUTON
PQFRAMPTON,FRAMPTON
PQSTMALACHIE,SAINT-MALACHIE
PQSTCLDRHSTR,SAINTE-CLAIRE-DE-DORCHESTER
PQSTMRIBEUCE,SAINTE-MARIE-DE-BEAUCE
PQVALLEEJCTN,VALLEE-JONCTION
PQFRANKLICTR,FRANKLIN CENTRE
PQHEMMINGFD,HEMMINGFORD
PQHUNTINGDON,HUNTINGDON
PQORMSTOWN,ORMSTOWN
PQSTCHRYSSTM,SAINT-CHRYSOSTOME
PQFUGEREVL,FUGEREVILLE
PQMURDOCHVL,MURDOCHVILLE
PQLAWRENCEVL,LAWRENCEVILLE
PQGRAND MERE,GRAND-MERE
PQSTBNCSHNGN,SAINT-BONIFACE-DE-SHAWINIGAN
PQST-MATHIEU,SAINT-MATHIEU
PQSTRCHMKINC,SAINT-ROCH-DE-MEKINAC
PQST TITE,SAINT-TITE
PQGRANDRMOUS,GRAND-REMOUS
PQMONT LOUIS,MONT-LOUIS
PQPTMNRNTCSS,PORT-MENIER (ANTICOSTI ISLAND)
PQRIVST JEAN,RIVIERE-SAINT-JEAN
PQNAPIERVL,NAPIERVILLE
PQVNISENQUBC,VENISE-EN-QUEBEC
PQHUDSON,HUDSON
PQILE PERROT,ILE-PERROT
PQRIGAUD,RIGAUD
PQSTGNEVIEVE,SAINTE-GENEVIEVE
PQVAUDREUIL,VAUDREUIL
PQINUKJUAK,INUKJUAK
PQINVERNESS,INVERNESS
PQLAURIERVL,LAURIERVILLE
PQLYSTER,LYSTER
PQIVUJIVIK,IVUJIVIK
PQLAVALTRIE,LAVALTRIE
PQSLPHSRDRGZ,SAINT-ALPHONSE-DE-RODRIGUEZ
PQSTJENMATHA,SAINT-JEAN-DE-MATHA
PQSTMCHLSNTS,SAINT-MICHEL-DES-SAINTS
PQST ZENON,SAINT-ZENON
PQJOUTEL,JOUTEL
PQKANGIQSLJQ,KANGIQSUALUJJUAQ
PQKANGIQSJUQ,KANGIQSUJUAQ
PQKANGIRSUK,KANGIRSUK
PQKUUJJUAQ,KUUJJUAQ
PQKUJUARAPIK,KUUJJUARAAPIK
PQLANNONCTIN,L'ANNONCIATION
PQLA MINERVE,LA MINERVE
PQLABELLE,LABELLE
PQNOMININGUE,NOMININGUE
PQLEPNLASPTN,L'EPIPHANIE-L'ASSOMPTION
PQLE GARDEUR,LE GARDEUR
PQL'ILEVERTE,L'ILE-VERTE
PQSTJEANDIEU,SAINT-JEAN-DE-DIEU
PQTROISPSTLS,TROIS-PISTOLES
PQSTJENPTJOL,SAINT-JEAN-PORT-JOLI
PQLA DORE,LA DORE
PQSTHNRBEACE,SAINT-HONORE (BEAUCE)
PQSTMTDFRTNC,SAINT-METHODE-DE-FRONTENAC
PQLA MARTRE,LA MARTRE
PQLAPOCATIRE,LA POCATIERE
PQST-ALEXDRE,SAINT-ALEXANDRE
PQST ANDRE,SAINT-ANDRE
PQST PACOME,SAINT-PACOME
PQST PASCAL,SAINT-PASCAL
PQSTPHLIPPNR,SAINT-PHILIPPE-DE-NERI
PQSTRCHAULNS,SAINT-ROCH-DES-AULNAIES
PQLA ROMAINE,LA ROMAINE
PQMACAMIC,MACAMIC
PQLA TUQUE,LA TUQUE
PQLCAXSABLES,LAC-AUX-SABLES
PQST UBALDE,SAINT-UBALDE
PQST THECLE,SAINTE-THECLE
PQLACDU CERF,LAC-DU-CERF
PQLACEDOUARD,LAC-EDOUARD
PQLACETCHMIN,LAC-ETCHEMIN
PQSTMAGLOIRE,SAINT-MAGLOIRE
PQSTPRRDRSTR,SAINT-PROSPER-DE-DORCHESTER
PQSTCMLBLCHS,SAINTE-CAMILLE-DE-BELLECHASSE
PQST JUSTINE,SAINTE-JUSTINE
PQSTROSWATFD,SAINTE-ROSE-DE-WATFORD
PQLACFRONTIR,LAC-FRONTIERE
PQSTFABPANET,SAINT-FABIEN-DE-PANET
PQSTJSTBRNRS,SAINT-JUST-DE-BRETENIERES
PQSTLCBRGARD,SAINTE-LUCIE-DE-BEAUREGARD
PQST LUDGER,SAINT-LUDGER
PQWOBURN,WOBURN
PQLACMSTSSNI,LAC-MISTASSINI
PQSTANDREEST,SAINT-ANDRE-EST
PQLAFORGE,LAFORGE
PQNRDMLDSMGC,NOTRE-DAME-DE-LOURDES (MEGANTIC)
PQMRSTSCLSTQ,MIRABEL: SAINTE-SCHOLASTIQUE
PQOKA,OKA
PQGUIGUES,SAINT-BRUNO-DE-GUIGUES
PQLBLSRQVLLN,LEBEL-SUR-QUEVILLON
PQSTFELICITE,SAINTE-FELICITE
PQST ANSELME,SAINT-ANSELME
PQSTCHLSBLHS,SAINT-CHARLES-DE-BELLECHASSE
PQSTHNRILVIS,SAINT-HENRI-DE-LEVIS
PQSTMCLBLCHS,SAINT-MICHEL-DE-BELLECHASSE
PQNTDMLRNTDS,NOTRE-DAME-DES-LAURENTIDES
PQSTE-CATHRN,SAINTE-CATHERINE
PQSTONEHAM,STONEHAM
PQVALCARTIER,VALCARTIER
PQLOUISEVL,LOUISEVILLE
PQMASKINONGE,MASKINONGE
PQLOUVICOURT,LOUVICOURT
PQLUCEVILLE,LUCEVILLE
PQSTGBRLRMSK,SAINT-GABRIEL-DE-RIMOUSKI
PQMANICOUGN5,MANICOUAGAN 5
PQMANOUANE,MANOUANE
PQVILLEROY,VILLEROY
PQMATAGAMI,MATAGAMI
PQSTRNEMATAN,SAINT-RENE-DE-MATANE
PQSTALXSMTPD,SAINT-ALEXIS-DE-MATAPEDIA
PQST LIN,SAINT-LIN
PQSFRNMNMGNY,SAINT-FRANCOIS-MONTMAGNY
PQSTCLTKLKNY,SAINT-CALIXTE-DE-KILKENNY
PQSTHIPPOLYT,SAINT-HIPPOLYTE
PQST SAUVEUR,SAINT-SAUVEUR
PQSHAWBRIDGE,SHAWBRIDGE
PQMORIN HTS,MORIN HEIGHTS
PQSTAGTNDPLS,SAINT-AUGUSTIN-DE-DUPLESSIS
PQNEDELEC,NEDELEC
PQREMIGNY,REMIGNY
PQNEMASKA,NEMASKA
PQRADISSON,RADISSON
PQSTMONQNCLT,SAINTE-MONIQUE-DE-NICOLET
PQNOTRDAMPAX,NOTRE-DAME-DE-LA-PAIX
PQPARCLRNTDS,PARC-DES-LAURENTIDES
PQNTRDAMDLAS,NOTRE-DAME-DU-LAUS
PQOBEDJIWAN,OBEDJIWAN
PQPARCVRNDRY,PARC-DE-LA-VERENDRYE
PQPARENT,PARENT
PQPENTECOTE,PENTECOTE
PQYAMASKA,YAMASKA
PQPUVIRNITUK,PUVIRNITUK
PQQUAQTAQ,QUAQTAQ
PQST AGAPIT,SAINT-AGAPIT
PQSTAPOLLINR,SAINT-APOLLINAIRE
PQSTBRDDRSTR,SAINT-BERNARD-DE-DORCHESTER
PQST FLAVIEN,SAINT-FLAVIEN
PQSTPTRCBRVG,SAINT-PATRICE-DE-BEAURIVAGE
PQSTAGHLTBNR,SAINTE-AGATHE-DE-LOTBINIERE
PQSTCRXLTBNR,SAINTE-CROIX (LOTBINIERE)
PQSTHENEDINE,SAINTE-HENEDINE
PQVAL ALAIN,VAL-ALAIN
PQSTSMNRMOSK,SAINT-SIMON-DE-RIMOUSKI
PQRIV PIERRE,RIVIERE-A-PIERRE
PQRVATONNRRE,RIVIERE-AU-TONNERRE
PQSTELETHERE,SAINT-ELEUTHERE
VTDERBY LINE,DERBY LINE [VT]
PQST ADELPHE,SAINT-ADELPHE
PQSTADPHDHWD,SAINT-ADOLPHE-D'HOWARD
PQVAL DAVID,VAL-DAVID
PQSTE AGATHE,SAINTE-AGATHE
PQST AIME,SAINT-AIME
PQST HUGUES,SAINT-HUGUES
PQST JUDE,SAINT-JUDE
PQSTVICTOIRE,SAINTE-VICTOIRE
PQST CASIMIR,SAINT-CASIMIR
PQSTCMKNNBEC,SAINT-COME-DE-KENNEBEC
PQSTTHEPHILE,SAINT-THEOPHILE
PQSTZACHARIE,SAINT-ZACHARIE
PQST-DAMASE,SAINT-DAMASE
PQST PIE,SAINT-PIE
PQSTDNMNTCLM,SAINT-DONAT-DE-MONTCALM
PQST FAUSTIN,SAINT-FAUSTIN
PQSTGDENBECE,SAINT-GEDEON-DE-BEAUCE
PQSTMRTNBECE,SAINT-MARTIN-DE-BEAUCE
PQSTSMONBGOT,SAINT-SIMON-DE-BAGOT
PQSTTHMSDAQN,SAINT-THOMAS-D'AQUIN
PQSTHLNEBGOT,SAINTE-HELENE-DE-BAGOT
PQSTPAMPHILE,SAINT-PAMPHILE
PQSTPERPETUE,SAINTE-PERPETUE
PQSTMARGURIT,SAINTE-MARGUERITE
PQSTE ADELE,SAINTE-ADELE
PQSTLCDRCHSR,SAINT-LUC (DORCHESTER)
NYFTCOVINGTN,FORT COVINGTON [NY]
PQSTE-SABINE,SAINTE-SABINE
PQSALLUIT,SALLUIT
PQSANMAUR,SANMAUR
PQSCHEFFERVL,SCHEFFERVILLE
PQTASIUJAQ,TASIUJAQ
PQUMIUJAQ,UMIUJAQ
PQWASKAGNISH,WASKAGANISH
PQWASWANIPI,WASWANIPI
PQWEMINDJI,WEMINDJI
MECOBURNGORE,COBURN GORE [ME]
SKABERDEEN,ABERDEEN
SKSASKATOON,SASKATOON
SKALLAN,ALLAN
SKALVENA,ALVENA
SKASQUITH,ASQUITH
SKASSINIBOIA,ASSINIBOIA
SKAVONLEA,AVONLEA
SKBALCARRES,BALCARRES
SKBALGONIE,BALGONIE
SKREGINA,REGINA
SKBEAUVAL,BEAUVAL
SKBEECHY,BEECHY
SKBENGOUGH,BENGOUGH
SKBETHUNE,BETHUNE
SKBIENFAIT,BIENFAIT
SKESTEVAN,ESTEVAN
SKBIG RIVER,BIG RIVER
SKBIGGAR,BIGGAR
SKBIRCHHILLS,BIRCH HILLS
SKBLAINELAKE,BLAINE LAKE
SKBORDEN,BORDEN
SKBRIERCREST,BRIERCREST
SKMOOSE JAW,MOOSE JAW
SKBROADVIEW,BROADVIEW
SKBRUNO,BRUNO
SKBUFFALNRWS,BUFFALO NARROWS
SKCABRI,CABRI
SKCALDER,CALDER
SKCANOE NRWS,CANOE NARROWS
SKCANORA,CANORA
SKCANWOOD,CANWOOD
SKCARLYLE,CARLYLE
SKCARNDUFF,CARNDUFF
SKCARROT RIV,CARROT RIVER
SKCENTRALBTE,CENTRAL BUTTE
SKCHRISTORLK,CHRISTOPHER LAKE
SKPRINCEABRT,PRINCE ALBERT
SKCHURCHBDG,CHURCHBRIDGE
SKCLIMAX,CLIMAX
SKCODERRE,CODERRE
SKCOLONSAY,COLONSAY
SKCONSUL,CONSUL
SKCORONACH,CORONACH
SKCRAIK,CRAIK
SKCREIGHTON,CREIGHTON
SKCUDWORTH,CUDWORTH
SKCUMBERLDHS,CUMBERLAND HOUSE
SKCUPAR,CUPAR
SKCUT KNIFE,CUT KNIFE
SKDALMENY,DALMENY
SKDAVIDSON,DAVIDSON
SKDELISLE,DELISLE
SKDILLON,DILLON
SKDINSMORE,DINSMORE
SKDUCK LAKE,DUCK LAKE
SKDUNDURN,DUNDURN
SKEARL GREY,EARL GREY
SKEASTEND,EASTEND
SKEDAM,EDAM
SKELROSE,ELROSE
SKESTERHAZY,ESTERHAZY
SKESTON,ESTON
SKEYEBROW,EYEBROW
SKFILLMORE,FILLMORE
SKFOAM LAKE,FOAM LAKE
SKFONDDU LAC,FOND DU LAC
SKFTQAPPELLE,FORT QU APPELLE
SKFRANCIS,FRANCIS
SKFRONTIER,FRONTIER
SKGLASLYN,GLASLYN
SKGOODSOIL,GOODSOIL
SKGRAVELBORG,GRAVELBOURG
SKGREEN LAKE,GREEN LAKE
SKGRENFELL,GRENFELL
SKGULL LAKE,GULL LAKE
SKHAFFORD,HAFFORD
SKHAGUE,HAGUE
SKHANLEY,HANLEY
SKHEPBURN,HEPBURN
SKHERBERT,HERBERT
SKHODGEVILLE,HODGEVILLE
SKHOLDFAST,HOLDFAST
SKHUDSON BAY,HUDSON BAY
SKHUMBOLDT,HUMBOLDT
SKILE CROSSE,ILE A LA CROSSE
SKIMPERIAL,IMPERIAL
SKINDIANHEAD,INDIAN HEAD
SKINVERMAY,INVERMAY
SKITUNA,ITUNA
SKKAMSACK,KAMSACK
SKKELVINGTON,KELVINGTON
SKKERROBERT,KERROBERT
SKKINCAID,KINCAID
SKKINDERSLEY,KINDERSLEY
SKKINISTINO,KINISTINO
SKKIPLING,KIPLING
SKKYLE,KYLE
SKLA LOCHE,LA LOCHE
SKLA RONGE,LA RONGE
SKLAFLECHE,LAFLECHE
SKLAMPMAN,LAMPMAN
SKLANGENBURG,LANGENBURG
SKLANGHAM,LANGHAM
SKLANIGAN,LANIGAN
SKLASHBURN,LASHBURN
SKLEADER,LEADER
SKLEASK,LEASK
SKLEMBERG,LEMBERG
SKLEOVILLE,LEOVILLE
SKLESTOCK,LESTOCK
SKLOON LAKE,LOON LAKE
SKLUCKY LAKE,LUCKY LAKE
SKLUMSDEN,LUMSDEN
SKLUSELAND,LUSELAND
SKMACKLIN,MACKLIN
SKMAIDSTONE,MAIDSTONE
SKMANKOTA,MANKOTA
SKMAPLECREEK,MAPLE CREEK
SKMARQUIS,MARQUIS
SKMARYFIELD,MARYFIELD
SKMAYMONT,MAYMONT
SKMEACHAM,MEACHAM
SKMEADOWLAKE,MEADOW LAKE
SKMEATH PARK,MEATH PARK
SKMELFORT,MELFORT
SKMELVILLE,MELVILLE
SKMEOTA,MEOTA
SKNOBATTLEFD,NORTH BATTLEFORD
SKMIDALE,MIDALE
SKMILESTONE,MILESTONE
SKMONTMARTRE,MONTMARTRE
SKMORTLACH,MORTLACH
SKMOOSOMIN,MOOSOMIN
SKMORSE,MORSE
SKMOSSBANK,MOSSBANK
SKNAICAM,NAICAM
SKNEIDPATH,NEIDPATH
SKSWIFTCRRNT,SWIFT CURRENT
SKNEILBURG,NEILBURG
SKNEVILLE,NEVILLE
SKNIPAWIN,NIPAWIN
SKNOKOMIS,NOKOMIS
SKNORQUAY,NORQUAY
SKNO PORTAL,NORTH PORTAL
NDPORTAL,PORTAL [ND]
SKODESSA,ODESSA
SKOSLER,OSLER
SKOUTLOOK,OUTLOOK
SKOXBOW,OXBOW
SKPADDOCKWD,PADDOCKWOOD
SKPANGMAN,PANGMAN
SKPARADISEHL,PARADISE HILL
SKPATUANAK,PATUANAK
SKPELICNNRWS,PELICAN NARROWS
SKPELLY,PELLY
SKPENNANT,PENNANT
SKPENSE,PENSE
SKPERDUE,PERDUE
SKPIERCELAND,PIERCELAND
SKPINEHOUSE,PINEHOUSE
SKPLENTY,PLENTY
SKPONTEIX,PONTEIX
SKPORCUPINPL,PORCUPINE PLAIN
SKPREECEVL,PREECEVILLE
SKPRUDHOMME,PRUDHOMME
SKPUNNICHY,PUNNICHY
SKQU APPELLE,QU APPELLE
SKQUILL LAKE,QUILL LAKE
SKRADISSON,RADISSON
SKRADVILLE,RADVILLE
SKRAYMORE,RAYMORE
SKREDVERS,REDVERS
SKREGINA BCH,REGINA BEACH
SKRICETON,RICETON
SKROULEAU,ROULEAU
SKWILCOX,WILCOX
SKRHEIN,RHEIN
SKROCKGLEN,ROCKGLEN
SKROSEVALLEY,ROSE VALLEY
SKROSETOWN,ROSETOWN
SKROSTHERN,ROSTHERN
SKST LOUIS,SAINT LOUIS
SKST WALBURG,SAINT WALBURG
SKSALTCOATS,SALTCOATS
SKSANDY BAY,SANDY BAY
SKVONDA,VONDA
SKSEMANS,SEMANS
SKSHAUNAVON,SHAUNAVON
SKSHELLBROOK,SHELLBROOK
SKSMEATON,SMEATON
SKSOUTHEND,SOUTHEND
SKSOUTHEY,SOUTHEY
SKSPEERS,SPEERS
SKSPIRITWOOD,SPIRITWOOD
SKSPRINGSIDE,SPRINGSIDE
SKYORKTON,YORKTON
SKSTANLEMSSN,STANLEY MISSION
SKSTONY RPD,STONY RAPIDS
SKSTOUGHTON,STOUGHTON
SKSTRASBOURG,STRASBOURG
SKSTURGIS,STURGIS
SKWEBB,WEBB
SKTHEODORE,THEODORE
SKTISDALE,TISDALE
SKTORQUAY,TORQUAY
SKTRIBUNE,TRIBUNE
SKTURNORLAKE,TURNOR LAKE
SKTURTLEFORD,TURTLEFORD
SKUNITY,UNITY
SKURANIUM CY,URANIUM CITY
SKVAL MARIE,VAL MARIE
SKVANGUARD,VANGUARD
SKWADENA,WADENA
SKWAKAW,WAKAW
SKWALDHEIM,WALDHEIM
SKWASKESIULK,WASKESIU LAKE
SKWATROUS,WATROUS
SKWATSON,WATSON
SKWAWOTA,WAWOTA
SKWEYBURN,WEYBURN
SKWHITEWOOD,WHITEWOOD
SKWILKIE,WILKIE
SKWOLLASTNLK,WOLLASTON LAKE
SKWOLSELEY,WOLSELEY
SKWYNYARD,WYNYARD
SKYELLOW CRK,YELLOW CREEK
SKYELLOWGRSS,YELLOW GRASS
